Time (ms),Measured Pitch,Commanded Pitch
12053.0,-0.04,-1.0
12062.0,-0.02,0.0
12072.0,0.02,0.0
12082.0,-0.06,0.0
12091.0,-0.0,0.0
12101.0,0.04,0.0
12110.0,-0.05,0.0
12121.0,-0.11,0.0
12130.0,-0.08,0.0
12139.0,-0.03,0.0
12149.0,-0.01,0.0
12158.0,-0.1,0.0
12169.0,-0.03,0.0
12178.0,0.0,0.0
12187.0,0.02,0.0
12197.0,0.07,0.0
12207.0,-0.0,0.0
12217.0,-0.08,0.0
12226.0,-0.02,0.0
12235.0,-0.04,0.0
12246.0,0.02,0.0
12255.0,-0.06,0.0
12265.0,-0.09,0.0
12274.0,-0.02,0.0
12283.0,0.05,0.0
12294.0,0.06,0.0
12303.0,0.01,0.0
12313.0,0.06,0.0
12322.0,0.03,0.0
12332.0,0.04,0.0
12342.0,-0.02,0.0
12351.0,-0.03,0.0
12361.0,-0.02,0.0
12370.0,-0.06,0.0
12380.0,-0.02,0.0
12390.0,-0.05,0.0
12399.0,0.0,0.0
12409.0,-0.0,0.0
12419.0,0.03,0.0
12428.0,0.06,0.0
12438.0,-0.0,0.0
12447.0,0.05,0.0
12457.0,-0.04,0.0
12467.0,-0.08,0.0
12476.0,-0.01,0.0
12486.0,-0.08,0.0
12495.0,-0.02,0.0
12506.0,-0.07,0.0
12515.0,-0.08,0.0
12524.0,-0.06,0.0
12534.0,0.01,0.0
12544.0,-0.07,0.0
12553.0,-0.0,0.0
12563.0,-0.06,2.29
12572.0,-0.08,2.29
12582.0,-0.1,2.29
12592.0,0.18,2.29
12601.0,0.66,2.29
12611.0,1.42,2.29
12620.0,2.28,2.29
12631.0,2.71,2.29
12640.0,2.53,2.29
12649.0,2.04,2.29
12659.0,1.71,2.29
12668.0,1.83,2.29
12679.0,2.18,2.29
12688.0,2.57,2.29
12697.0,2.64,2.29
12707.0,2.44,2.29
12717.0,2.13,2.29
12727.0,1.93,2.29
12736.0,1.97,2.29
12745.0,2.22,2.29
12755.0,2.38,2.29
12765.0,2.38,2.29
12775.0,2.33,2.29
12784.0,2.19,2.29
12793.0,2.16,2.29
12804.0,2.16,2.29
12813.0,2.25,2.29
12823.0,2.28,2.29
12832.0,2.31,2.29
12841.0,2.23,2.29
12852.0,2.18,2.29
12861.0,2.27,2.29
12871.0,2.34,2.29
12880.0,2.38,2.29
12890.0,2.29,2.29
12900.0,2.22,2.29
12909.0,2.31,2.29
12919.0,2.38,2.29
12929.0,2.34,2.29
12938.0,2.26,2.29
12948.0,2.3,2.29
12957.0,2.37,2.29
12967.0,2.43,2.29
12977.0,2.34,2.29
12986.0,2.26,2.29
12996.0,2.31,2.29
13005.0,2.38,2.29
13015.0,2.42,2.29
13025.0,2.42,2.29
13034.0,2.34,2.29
13044.0,2.27,2.29
13053.0,2.34,2.29
13064.0,2.41,0.0
13073.0,2.36,0.0
13082.0,2.34,0.0
13092.0,2.22,0.0
13102.0,1.77,0.0
13111.0,1.12,0.0
13121.0,0.44,0.0
13130.0,-0.05,0.0
13140.0,-0.09,0.0
13150.0,0.06,0.0
13159.0,0.3,0.0
13169.0,0.33,0.0
13178.0,0.23,0.0
13189.0,0.02,0.0
13198.0,-0.1,0.0
13207.0,-0.14,0.0
13217.0,-0.03,0.0
13227.0,0.03,0.0
13237.0,0.07,0.0
13246.0,-0.02,0.0
13255.0,-0.08,0.0
13265.0,0.02,0.0
13275.0,0.09,0.0
13285.0,-0.01,0.0
13294.0,-0.09,0.0
13303.0,-0.16,0.0
13314.0,-0.08,0.0
13323.0,-0.02,0.0
13333.0,0.04,0.0
13342.0,-0.04,0.0
13351.0,0.01,0.0
13362.0,0.07,0.0
13371.0,0.13,0.0
13381.0,0.06,0.0
13390.0,0.04,0.0
13400.0,0.12,0.0
13410.0,0.19,0.0
13419.0,0.25,0.0
13429.0,0.17,0.0
13438.0,0.24,0.0
13448.0,0.31,0.0
13458.0,0.23,0.0
13467.0,0.14,0.0
13477.0,0.22,0.0
13487.0,0.29,0.0
13496.0,0.2,0.0
13506.0,0.24,0.0
13515.0,0.29,0.0
13524.0,0.32,0.0
13535.0,0.39,0.0
13544.0,0.31,0.0
13554.0,0.23,0.0
13563.0,0.22,0.0
13574.0,0.24,4.58
13583.0,0.3,4.58
13592.0,0.35,4.58
13602.0,0.29,4.58
13612.0,0.54,4.58
13621.0,1.4,4.58
13631.0,2.68,4.58
13640.0,3.89,4.58
13650.0,4.68,4.58
13660.0,4.61,4.58
13669.0,4.26,4.58
13679.0,3.69,4.58
13688.0,3.43,4.58
13699.0,3.7,4.58
13708.0,4.21,4.58
13717.0,4.72,4.58
13727.0,4.73,4.58
13736.0,4.42,4.58
13747.0,4.02,4.58
13756.0,3.99,4.58
13765.0,4.2,4.58
13775.0,4.53,4.58
13785.0,4.64,4.58
13795.0,4.54,4.58
13804.0,4.27,4.58
13813.0,4.1,4.58
13824.0,4.09,4.58
13833.0,4.14,4.58
13843.0,4.25,4.58
13852.0,4.26,4.58
13861.0,4.27,4.58
13872.0,4.2,4.58
13881.0,4.17,4.58
13891.0,4.26,4.58
13900.0,4.31,4.58
13910.0,4.36,4.58
13920.0,4.28,4.58
13929.0,4.22,4.58
13938.0,4.3,4.58
13948.0,4.37,4.58
13958.0,4.43,4.58
13968.0,4.35,4.58
13977.0,4.43,4.58
13986.0,4.5,4.58
13997.0,4.57,4.58
14006.0,4.56,4.58
14016.0,4.63,4.58
14025.0,4.7,4.58
14034.0,4.76,4.58
14045.0,4.68,4.58
14054.0,4.74,4.58
14064.0,4.82,4.58
14073.0,4.89,0.0
14083.0,4.96,0.0
14093.0,4.95,0.0
14102.0,4.86,0.0
14112.0,4.72,0.0
14121.0,3.95,0.0
14131.0,2.66,0.0
14141.0,1.26,0.0
14150.0,0.32,0.0
14160.0,0.23,0.0
14170.0,0.54,0.0
14179.0,0.81,0.0
14189.0,0.92,0.0
14198.0,0.83,0.0
14209.0,0.46,0.0
14218.0,0.12,0.0
14227.0,0.09,0.0
14237.0,0.24,0.0
14246.0,0.46,0.0
14257.0,0.5,0.0
14266.0,0.41,0.0
14275.0,0.21,0.0
14285.0,0.12,0.0
14295.0,0.11,0.0
14305.0,0.21,0.0
14314.0,0.25,0.0
14323.0,0.13,0.0
14333.0,0.03,0.0
14343.0,0.06,0.0
14353.0,0.16,0.0
14362.0,0.21,0.0
14371.0,0.25,0.0
14382.0,0.17,0.0
14391.0,0.11,0.0
14400.0,0.17,0.0
14410.0,0.23,0.0
14419.0,0.14,0.0
14430.0,0.06,0.0
14439.0,0.06,0.0
14448.0,0.13,0.0
14458.0,0.19,0.0
14468.0,0.1,0.0
14478.0,0.03,0.0
14487.0,0.11,0.0
14496.0,0.17,0.0
14507.0,0.09,0.0
14516.0,0.01,0.0
14526.0,0.08,0.0
14535.0,0.15,0.0
14544.0,0.21,0.0
14555.0,0.13,0.0
14564.0,0.2,0.0
14574.0,0.27,0.0
14583.0,0.31,6.3
14593.0,0.23,6.3
14603.0,0.15,6.3
14612.0,0.28,6.3
14622.0,1.02,6.3
14631.0,2.32,6.3
14641.0,3.79,6.3
14651.0,5.17,6.3
14660.0,5.91,6.3
14670.0,6.01,6.3
14680.0,5.83,6.3
14689.0,5.72,6.3
14699.0,5.88,6.3
14708.0,6.04,6.3
14718.0,6.12,6.3
14728.0,6.04,6.3
14737.0,5.83,6.3
14747.0,5.76,6.3
14756.0,5.78,6.3
14767.0,5.93,6.3
14776.0,5.99,6.3
14785.0,5.98,6.3
14795.0,5.89,6.3
14804.0,5.88,6.3
14814.0,5.97,6.3
14824.0,6.03,6.3
14833.0,5.95,6.3
14843.0,5.91,6.3
14853.0,5.98,6.3
14862.0,6.05,6.3
14872.0,6.1,6.3
14881.0,6.17,6.3
14892.0,6.24,6.3
14901.0,6.31,6.3
14910.0,6.37,6.3
14920.0,6.31,6.3
14929.0,6.31,6.3
14940.0,6.24,6.3
14949.0,6.17,6.3
14958.0,6.24,6.3
14968.0,6.31,6.3
14978.0,6.25,6.3
14988.0,6.32,6.3
14997.0,6.39,6.3
15006.0,6.33,6.3
15016.0,6.26,6.3
15026.0,6.31,6.3
15036.0,6.27,6.3
15045.0,6.19,6.3
15054.0,6.25,6.3
15065.0,6.29,6.3
15074.0,6.34,6.3
15084.0,6.37,6.3
15093.0,6.4,0.0
15102.0,6.32,0.0
15113.0,6.29,0.0
15122.0,6.34,0.0
15132.0,6.27,0.0
15141.0,5.69,0.0
15151.0,4.5,0.0
15161.0,2.97,0.0
15170.0,1.42,0.0
15180.0,0.47,0.0
15190.0,0.35,0.0
15199.0,0.59,0.0
15209.0,0.78,0.0
15218.0,0.84,0.0
15228.0,0.6,0.0
15238.0,0.34,0.0
15247.0,0.23,0.0
15257.0,0.31,0.0
15266.0,0.45,0.0
15277.0,0.6,0.0
15286.0,0.58,0.0
15295.0,0.45,0.0
15305.0,0.36,0.0
15314.0,0.36,0.0
15325.0,0.45,0.0
15334.0,0.48,0.0
15343.0,0.41,0.0
15353.0,0.34,0.0
15363.0,0.37,0.0
15372.0,0.43,0.0
15382.0,0.4,0.0
15391.0,0.33,0.0
15401.0,0.26,0.0
15411.0,0.33,0.0
15420.0,0.38,0.0
15430.0,0.42,0.0
15439.0,0.34,0.0
15450.0,0.27,0.0
15459.0,0.35,0.0
15468.0,0.4,0.0
15478.0,0.38,0.0
15488.0,0.3,0.0
15498.0,0.23,0.0
15507.0,0.27,0.0
15516.0,0.2,0.0
15526.0,0.12,0.0
15536.0,0.04,0.0
15546.0,0.1,0.0
15555.0,0.17,0.0
15564.0,0.24,0.0
15575.0,0.3,0.0
15584.0,0.37,0.0
15594.0,0.3,0.0
15603.0,0.21,6.99
15612.0,0.14,6.99
15623.0,0.09,6.99
15632.0,0.42,6.99
15642.0,1.44,6.99
15651.0,2.9,6.99
15661.0,4.52,6.99
15671.0,6.01,6.99
15680.0,6.89,6.99
15689.0,7.15,6.99
15699.0,7.11,6.99
15709.0,7.1,6.99
15719.0,7.16,6.99
15728.0,7.25,6.99
15737.0,7.25,6.99
15748.0,7.19,6.99
15757.0,7.15,6.99
15767.0,7.21,6.99
15776.0,7.22,6.99
15785.0,7.16,6.99
15796.0,7.13,6.99
15805.0,7.19,6.99
15815.0,7.1,6.99
15824.0,7.03,6.99
15834.0,7.08,6.99
15844.0,7.04,6.99
15853.0,6.96,6.99
15863.0,6.91,6.99
15873.0,6.95,6.99
15882.0,6.88,6.99
15892.0,6.84,6.99
15901.0,6.87,6.99
15911.0,6.81,6.99
15921.0,6.74,6.99
15930.0,6.74,6.99
15940.0,6.65,6.99
15949.0,6.57,6.99
15960.0,6.54,6.99
15969.0,6.61,6.99
15978.0,6.67,6.99
15988.0,6.66,6.99
15997.0,6.71,6.99
16008.0,6.78,6.99
16017.0,6.76,6.99
16026.0,6.83,6.99
16036.0,6.78,6.99
16046.0,6.71,6.99
16056.0,6.65,6.99
16065.0,6.69,6.99
16074.0,6.67,6.99
16084.0,6.73,6.99
16094.0,6.72,6.99
16103.0,6.79,6.99
16113.0,6.72,0.0
16122.0,6.64,0.0
16133.0,6.71,0.0
16142.0,6.77,0.0
16151.0,6.62,0.0
16161.0,5.96,0.0
16171.0,4.71,0.0
16181.0,3.11,0.0
16190.0,1.69,0.0
16199.0,0.58,0.0
16209.0,0.13,0.0
16219.0,0.09,0.0
16229.0,0.06,0.0
16238.0,0.08,0.0
16247.0,-0.03,0.0
16258.0,-0.12,0.0
16267.0,-0.15,0.0
16277.0,-0.12,0.0
16286.0,-0.09,0.0
16295.0,-0.08,0.0
16306.0,-0.14,0.0
16315.0,-0.16,0.0
16325.0,-0.09,0.0
16334.0,-0.03,0.0
16344.0,-0.02,0.0
16354.0,-0.1,0.0
16363.0,-0.12,0.0
16373.0,-0.03,0.0
16382.0,0.02,0.0
16392.0,-0.07,0.0
16402.0,-0.11,0.0
16411.0,-0.03,0.0
16421.0,0.03,0.0
16431.0,0.03,0.0
16440.0,-0.04,0.0
16450.0,0.02,0.0
16459.0,0.09,0.0
16468.0,0.14,0.0
16479.0,0.13,0.0
16488.0,0.13,0.0
16498.0,0.19,0.0
16507.0,0.26,0.0
16517.0,0.28,0.0
16527.0,0.2,0.0
16536.0,0.14,0.0
16546.0,0.06,0.0
16556.0,0.13,0.0
16565.0,0.14,0.0
16575.0,0.21,0.0
16584.0,0.27,0.0
16594.0,0.31,0.0
16604.0,0.38,0.0
16613.0,0.29,0.0
16623.0,0.22,-2.29
16632.0,0.17,-2.29
16643.0,0.21,-2.29
16652.0,-0.01,-2.29
16661.0,-0.62,-2.29
16671.0,-1.44,-2.29
16680.0,-2.16,-2.29
16691.0,-2.36,-2.29
16700.0,-2.15,-2.29
16709.0,-1.74,-2.29
16719.0,-1.46,-2.29
16729.0,-1.34,-2.29
16739.0,-1.46,-2.29
16748.0,-1.71,-2.29
16757.0,-1.83,-2.29
16768.0,-1.81,-2.29
16777.0,-1.76,-2.29
16787.0,-1.68,-2.29
16796.0,-1.71,-2.29
16805.0,-1.75,-2.29
16816.0,-1.86,-2.29
16825.0,-1.88,-2.29
16835.0,-1.91,-2.29
16844.0,-1.85,-2.29
16854.0,-1.82,-2.29
16864.0,-1.94,-2.29
16873.0,-2.02,-2.29
16882.0,-2.06,-2.29
16892.0,-1.97,-2.29
16902.0,-1.92,-2.29
16912.0,-2.02,-2.29
16921.0,-2.1,-2.29
16930.0,-2.16,-2.29
16941.0,-2.08,-2.29
16950.0,-2.03,-2.29
16960.0,-2.1,-2.29
16969.0,-2.18,-2.29
16978.0,-2.1,-2.29
16989.0,-2.03,-2.29
16998.0,-1.97,-2.29
17008.0,-2.06,-2.29
17017.0,-2.14,-2.29
17027.0,-2.18,-2.29
17037.0,-2.12,-2.29
17046.0,-2.06,-2.29
17056.0,-2.13,-2.29
17065.0,-2.05,-2.29
17075.0,-1.98,-2.29
17085.0,-1.91,-2.29
17094.0,-1.84,-2.29
17104.0,-1.92,-2.29
17114.0,-2.0,-2.29
17123.0,-2.06,0.0
17133.0,-2.06,0.0
17142.0,-2.14,0.0
17153.0,-2.09,0.0
17162.0,-1.78,0.0
17171.0,-1.24,0.0
17181.0,-0.55,0.0
17190.0,-0.15,0.0
17201.0,-0.19,0.0
17210.0,-0.45,0.0
17219.0,-0.77,0.0
17229.0,-0.72,0.0
17239.0,-0.47,0.0
17249.0,-0.12,0.0
17258.0,-0.04,0.0
17267.0,-0.09,0.0
17277.0,-0.38,0.0
17287.0,-0.56,0.0
17296.0,-0.55,0.0
17306.0,-0.51,0.0
17315.0,-0.41,0.0
17326.0,-0.41,0.0
17335.0,-0.43,0.0
17344.0,-0.49,0.0
17354.0,-0.52,0.0
17363.0,-0.44,0.0
17374.0,-0.4,0.0
17383.0,-0.37,0.0
17392.0,-0.43,0.0
17402.0,-0.36,0.0
17412.0,-0.28,0.0
17422.0,-0.23,0.0
17431.0,-0.32,0.0
17440.0,-0.4,0.0
17451.0,-0.32,0.0
17460.0,-0.26,0.0
17470.0,-0.19,0.0
17479.0,-0.27,0.0
17488.0,-0.19,0.0
17499.0,-0.12,0.0
17508.0,-0.06,0.0
17518.0,-0.14,0.0
17527.0,-0.21,0.0
17537.0,-0.14,0.0
17547.0,-0.06,0.0
17556.0,0.01,0.0
17566.0,-0.08,0.0
17575.0,-0.0,0.0
17585.0,0.07,0.0
17595.0,0.13,0.0
17604.0,0.06,0.0
17614.0,0.01,0.0
17624.0,-0.02,0.0
17633.0,-0.04,-4.58
17643.0,-0.13,-4.58
17652.0,-0.17,-4.58
17662.0,-0.1,-4.58
17672.0,-0.21,-4.58
17681.0,-0.87,-4.58
17691.0,-2.08,-4.58
17700.0,-3.6,-4.58
17711.0,-4.71,-4.58
17720.0,-4.9,-4.58
17729.0,-4.51,-4.58
17739.0,-3.97,-4.58
17748.0,-3.69,-4.58
17758.0,-3.88,-4.58
17768.0,-4.35,-4.58
17777.0,-4.69,-4.58
17787.0,-4.65,-4.58
17797.0,-4.46,-4.58
17806.0,-4.12,-4.58
17816.0,-3.96,-4.58
17825.0,-4.05,-4.58
17836.0,-4.21,-4.58
17845.0,-4.33,-4.58
17854.0,-4.29,-4.58
17864.0,-4.23,-4.58
17873.0,-4.15,-4.58
17884.0,-4.17,-4.58
17893.0,-4.24,-4.58
17902.0,-4.3,-4.58
17912.0,-4.33,-4.58
17922.0,-4.23,-4.58
17932.0,-4.18,-4.58
17941.0,-4.23,-4.58
17950.0,-4.33,-4.58
17960.0,-4.38,-4.58
17970.0,-4.29,-4.58
17980.0,-4.22,-4.58
17989.0,-4.18,-4.58
17998.0,-4.27,-4.58
18009.0,-4.34,-4.58
18018.0,-4.26,-4.58
18028.0,-4.2,-4.58
18037.0,-4.3,-4.58
18046.0,-4.37,-4.58
18057.0,-4.44,-4.58
18066.0,-4.36,-4.58
18076.0,-4.29,-4.58
18085.0,-4.38,-4.58
18095.0,-4.46,-4.58
18105.0,-4.39,-4.58
18114.0,-4.32,-4.58
18124.0,-4.29,-4.58
18134.0,-4.38,-4.58
18143.0,-4.45,0.0
18153.0,-4.52,0.0
18162.0,-4.54,0.0
18171.0,-4.17,0.0
18182.0,-3.18,0.0
18191.0,-1.91,0.0
18201.0,-0.56,0.0
18210.0,0.41,0.0
18220.0,0.61,0.0
18230.0,0.27,0.0
18239.0,-0.27,0.0
18249.0,-0.4,0.0
18258.0,-0.12,0.0
18268.0,0.32,0.0
18278.0,0.62,0.0
18287.0,0.53,0.0
18297.0,0.22,0.0
18307.0,-0.01,0.0
18316.0,0.0,0.0
18326.0,0.16,0.0
18335.0,0.38,0.0
18345.0,0.46,0.0
18355.0,0.42,0.0
18364.0,0.3,0.0
18374.0,0.25,0.0
18383.0,0.24,0.0
18394.0,0.31,0.0
18403.0,0.34,0.0
18412.0,0.28,0.0
18422.0,0.21,0.0
18432.0,0.18,0.0
18442.0,0.24,0.0
18451.0,0.25,0.0
18460.0,0.16,0.0
18470.0,0.1,0.0
18480.0,0.17,0.0
18490.0,0.21,0.0
18499.0,0.14,0.0
18508.0,0.07,0.0
18519.0,0.02,0.0
18528.0,0.07,0.0
18538.0,0.06,0.0
18547.0,-0.02,0.0
18556.0,-0.1,0.0
18567.0,-0.05,0.0
18576.0,0.02,0.0
18586.0,-0.04,0.0
18595.0,-0.12,0.0
18605.0,-0.05,0.0
18615.0,0.03,0.0
18624.0,0.09,0.0
18634.0,0.02,0.0
18643.0,-0.05,0.0
18653.0,-0.12,-6.3
18663.0,-0.06,-6.3
18672.0,0.01,-6.3
18681.0,0.05,-6.3
18692.0,-0.24,-6.3
18701.0,-1.19,-6.3
18711.0,-2.62,-6.3
18720.0,-4.22,-6.3
18729.0,-5.78,-6.3
18740.0,-6.72,-6.3
18749.0,-7.06,-6.3
18759.0,-6.94,-6.3
18768.0,-6.6,-6.3
18778.0,-6.44,-6.3
18788.0,-6.61,-6.3
18797.0,-6.93,-6.3
18807.0,-7.07,-6.3
18817.0,-7.02,-6.3
18826.0,-6.81,-6.3
18836.0,-6.71,-6.3
18845.0,-6.74,-6.3
18855.0,-6.89,-6.3
18865.0,-7.04,-6.3
18874.0,-7.07,-6.3
18884.0,-6.95,-6.3
18893.0,-6.86,-6.3
18904.0,-6.82,-6.3
18913.0,-6.8,-6.3
18922.0,-6.86,-6.3
18932.0,-6.87,-6.3
18941.0,-6.8,-6.3
18951.0,-6.76,-6.3
18961.0,-6.78,-6.3
18970.0,-6.84,-6.3
18980.0,-6.77,-6.3
18990.0,-6.7,-6.3
18999.0,-6.64,-6.3
19009.0,-6.62,-6.3
19018.0,-6.6,-6.3
19028.0,-6.52,-6.3
19038.0,-6.47,-6.3
19047.0,-6.45,-6.3
19057.0,-6.54,-6.3
19066.0,-6.61,-6.3
19077.0,-6.52,-6.3
19086.0,-6.46,-6.3
19095.0,-6.48,-6.3
19105.0,-6.55,-6.3
19115.0,-6.48,-6.3
19125.0,-6.41,-6.3
19134.0,-6.35,-6.3
19143.0,-6.44,-6.3
19153.0,-6.51,-6.3
19163.0,-6.59,0.0
19173.0,-6.52,0.0
19182.0,-6.44,0.0
19191.0,-6.21,0.0
19202.0,-5.29,0.0
19211.0,-3.79,0.0
19221.0,-2.2,0.0
19230.0,-0.82,0.0
19239.0,-0.17,0.0
19250.0,-0.18,0.0
19259.0,-0.45,0.0
19269.0,-0.88,0.0
19278.0,-0.98,0.0
19288.0,-0.81,0.0
19298.0,-0.48,0.0
19307.0,-0.31,0.0
19317.0,-0.38,0.0
19326.0,-0.57,0.0
19336.0,-0.68,0.0
19346.0,-0.66,0.0
19355.0,-0.52,0.0
19365.0,-0.46,0.0
19375.0,-0.49,0.0
19384.0,-0.58,0.0
19394.0,-0.61,0.0
19403.0,-0.51,0.0
19412.0,-0.45,0.0
19423.0,-0.4,0.0
19432.0,-0.43,0.0
19442.0,-0.48,0.0
19451.0,-0.42,0.0
19461.0,-0.36,0.0
19471.0,-0.32,0.0
19480.0,-0.37,0.0
19490.0,-0.33,0.0
19500.0,-0.27,0.0
19509.0,-0.22,0.0
19519.0,-0.27,0.0
19528.0,-0.29,0.0
19538.0,-0.21,0.0
19548.0,-0.17,0.0
19557.0,-0.19,0.0
19567.0,-0.19,0.0
19576.0,-0.12,0.0
19587.0,-0.08,0.0
19596.0,-0.1,0.0
19605.0,-0.17,0.0
19615.0,-0.19,0.0
19624.0,-0.15,0.0
19635.0,-0.08,0.0
19644.0,-0.17,0.0
19653.0,-0.16,0.0
19663.0,-0.13,0.0
19673.0,-0.06,-6.99
19683.0,-0.0,-6.99
19692.0,0.06,-6.99
19701.0,-0.01,-6.99
19712.0,-0.19,-6.99
19721.0,-0.96,-6.99
19731.0,-2.3,-6.99
19740.0,-3.89,-6.99
19749.0,-5.37,-6.99
19760.0,-6.33,-6.99
19769.0,-6.79,-6.99
19779.0,-6.85,-6.99
19788.0,-6.78,-6.99
19798.0,-6.59,-6.99
19808.0,-6.62,-6.99
19817.0,-6.82,-6.99
19827.0,-7.04,-6.99
19836.0,-7.07,-6.99
19846.0,-6.98,-6.99
19856.0,-6.86,-6.99
19865.0,-6.85,-6.99
19875.0,-6.99,-6.99
19885.0,-7.07,-6.99
19894.0,-7.08,-6.99
19904.0,-6.99,-6.99
19913.0,-6.96,-6.99
19922.0,-7.05,-6.99
19933.0,-7.14,-6.99
19942.0,-7.09,-6.99
19952.0,-7.01,-6.99
19961.0,-6.95,-6.99
19971.0,-6.95,-6.99
19981.0,-7.03,-6.99
19990.0,-7.1,-6.99
20000.0,-7.11,-6.99
20009.0,-7.09,-6.99
20019.0,-7.18,-6.99
20029.0,-7.22,-6.99
20038.0,-7.14,-6.99
20048.0,-7.09,-6.99
20058.0,-7.02,-6.99
20067.0,-7.1,-6.99
20077.0,-7.18,-6.99
20086.0,-7.25,-6.99
20097.0,-7.31,-6.99
20106.0,-7.36,-6.99
20115.0,-7.38,-6.99
20125.0,-7.31,-6.99
20134.0,-7.24,-6.99
20145.0,-7.2,-6.99
20154.0,-7.28,-6.99
20163.0,-7.21,-6.99
20173.0,-7.14,-6.99
20183.0,-7.23,0.0
20193.0,-7.31,0.0
20202.0,-7.39,0.0
20211.0,-7.25,0.0
20221.0,-6.47,0.0
20231.0,-5.06,0.0
20240.0,-3.46,0.0
20250.0,-1.98,0.0
20259.0,-1.07,0.0
20270.0,-0.77,0.0
20279.0,-0.75,0.0
20288.0,-0.77,0.0
20298.0,-0.64,0.0
20307.0,-0.47,0.0
20318.0,-0.4,0.0
20327.0,-0.41,0.0
20336.0,-0.55,0.0
20346.0,-0.64,0.0
20356.0,-0.63,0.0
20366.0,-0.53,0.0
20375.0,-0.49,0.0
20384.0,-0.54,0.0
20395.0,-0.6,0.0
20404.0,-0.53,0.0
20414.0,-0.46,0.0
20423.0,-0.41,0.0
20432.0,-0.48,0.0
20443.0,-0.54,0.0
20452.0,-0.46,0.0
20462.0,-0.39,0.0
20471.0,-0.39,0.0
20481.0,-0.44,0.0
20491.0,-0.49,0.0
20500.0,-0.43,0.0
20510.0,-0.36,0.0
20519.0,-0.32,0.0
20529.0,-0.39,0.0
20539.0,-0.36,0.0
20548.0,-0.29,0.0
20558.0,-0.25,0.0
20568.0,-0.24,0.0
20577.0,-0.19,0.0
20587.0,-0.15,0.0
20596.0,-0.11,0.0
20606.0,-0.09,0.0
20616.0,-0.15,0.0
20625.0,-0.12,0.0
20635.0,-0.06,0.0
20644.0,-0.07,0.0
20655.0,-0.15,0.0
20664.0,-0.12,0.0
20673.0,-0.05,0.0
20683.0,0.02,0.0
20692.0,-0.04,0.0
20702.0,-0.11,0.0
20712.0,-0.12,0.0
20721.0,-0.13,0.0
20731.0,-0.15,0.0
20741.0,-0.1,0.0
20750.0,-0.05,0.0
20760.0,-0.06,0.0
20769.0,-0.1,0.0
20780.0,-0.12,0.0
20789.0,-0.13,0.0
20798.0,-0.1,0.0
20808.0,-0.06,0.0
20817.0,-0.08,0.0
20828.0,-0.12,0.0
20837.0,-0.15,0.0
20846.0,-0.11,0.0
20856.0,-0.09,0.0
20866.0,-0.05,0.0
20876.0,-0.13,0.0
20885.0,-0.16,0.0
20894.0,-0.08,0.0
20904.0,-0.04,0.0
20914.0,-0.04,0.0
20924.0,-0.1,0.0
20933.0,-0.12,0.0
20942.0,-0.07,0.0
20953.0,-0.04,0.0
20962.0,-0.08,0.0
20971.0,-0.16,0.0
20981.0,-0.11,0.0
20990.0,-0.04,0.0
21001.0,-0.04,0.0
21010.0,-0.12,0.0
21019.0,-0.13,0.0
21029.0,-0.12,0.0
21039.0,-0.05,0.0
21049.0,0.01,0.0
21058.0,-0.07,0.0
21067.0,-0.08,0.0
21078.0,-0.04,0.0
21087.0,0.02,0.0
21097.0,-0.05,0.0
21106.0,-0.03,0.0
21115.0,0.01,0.0
21126.0,0.01,0.0
21135.0,-0.03,0.0
21145.0,-0.11,0.0
21154.0,-0.04,0.0
21164.0,0.03,0.0
21174.0,-0.03,0.0
21183.0,-0.02,0.0
21193.0,-0.0,0.0
21202.0,0.06,0.0
21212.0,-0.03,0.0
21222.0,-0.01,0.0
21231.0,-0.03,0.0
21241.0,-0.05,0.0
21251.0,-0.09,0.0
21260.0,-0.06,0.0
21270.0,0.01,0.0
21279.0,0.01,0.0
21289.0,-0.0,0.0
21299.0,-0.05,0.0
21308.0,-0.08,0.0
21318.0,-0.11,0.0
21327.0,-0.08,0.0
21338.0,-0.08,0.0
21347.0,-0.08,0.0
21356.0,-0.12,0.0
21366.0,-0.13,0.0
21376.0,-0.07,0.0
21386.0,-0.04,0.0
21395.0,-0.05,0.0
21404.0,-0.1,0.0
21414.0,-0.1,0.0
21424.0,-0.1,0.0
21433.0,-0.11,0.0
21443.0,-0.12,0.0
21452.0,-0.05,0.0
21463.0,-0.04,0.0
21472.0,-0.1,0.0
21481.0,-0.11,0.0
21491.0,-0.06,0.0
21500.0,0.0,0.0
21511.0,-0.08,0.0
21520.0,-0.14,0.0
21529.0,-0.08,0.0
21539.0,-0.02,0.0
21549.0,-0.03,0.0
21559.0,-0.04,0.0
21568.0,-0.09,0.0
21577.0,-0.02,0.0
21587.0,0.04,0.0
21597.0,0.01,0.0
21607.0,-0.06,0.0
21616.0,0.01,0.0
21625.0,0.04,0.0
21636.0,-0.03,0.0
21645.0,-0.08,0.0
21655.0,-0.11,0.0
21664.0,-0.06,0.0
21673.0,-0.02,0.0
21684.0,0.0,0.0
21693.0,0.05,0.0
21703.0,0.0,0.0
21712.0,-0.03,0.0
21722.0,0.01,0.0
21732.0,0.05,0.0
21741.0,0.04,0.0
21750.0,0.03,0.0
21761.0,0.04,0.0
21770.0,0.09,0.0
21780.0,0.06,0.0
21789.0,-0.01,0.0
21798.0,-0.09,0.0
21809.0,-0.07,0.0
21818.0,-0.09,0.0
21828.0,-0.04,0.0
21837.0,-0.06,0.0
21847.0,-0.07,0.0
21857.0,-0.1,0.0
21866.0,-0.1,0.0
21876.0,-0.1,0.0
21885.0,-0.07,0.0
21895.0,-0.07,0.0
21905.0,-0.0,0.0
21914.0,-0.02,0.0
21924.0,-0.03,0.0
21934.0,-0.07,0.0
21943.0,-0.07,0.0
21953.0,-0.04,0.0
21962.0,-0.04,0.0
21972.0,-0.07,0.0
21982.0,-0.1,0.0
21991.0,-0.08,0.0
22001.0,-0.02,0.0
22010.0,-0.02,0.0
22021.0,-0.11,0.0
22030.0,-0.11,0.0
22039.0,-0.04,0.0
22049.0,-0.02,0.0
22059.0,-0.08,0.0
22069.0,-0.1,0.0
22078.0,-0.04,0.0
22087.0,0.02,0.0
22097.0,0.03,0.0
22107.0,-0.04,0.0
22117.0,-0.09,0.0
22126.0,-0.05,0.0
22135.0,-0.02,0.0
22146.0,-0.08,0.0
22155.0,-0.12,0.0
22164.0,-0.06,0.0
22174.0,-0.01,0.0
22183.0,0.02,0.0
22194.0,-0.04,0.0
22203.0,-0.03,0.0
22212.0,0.03,0.0
22222.0,-0.03,0.0
22232.0,-0.1,0.0
22242.0,-0.09,0.0
22251.0,-0.11,0.0
22260.0,-0.12,0.0
22270.0,-0.2,0.0
22280.0,-0.16,0.0
22290.0,-0.12,0.0
22299.0,-0.1,0.0
22308.0,-0.13,0.0
22319.0,-0.2,0.0
22328.0,-0.25,0.0
22338.0,-0.23,0.0
22347.0,-0.13,0.0
22356.0,-0.11,0.0
22367.0,-0.12,0.0
22376.0,-0.07,0.0
22386.0,-0.1,0.0
22395.0,-0.11,0.0
22405.0,-0.08,0.0
22415.0,-0.07,0.0
22424.0,-0.07,0.0
22434.0,-0.11,0.0
22444.0,-0.12,0.0
22453.0,-0.13,0.0
22463.0,-0.14,0.0
22472.0,-0.12,0.0
22482.0,-0.05,0.0
22492.0,-0.05,0.0
22501.0,-0.12,0.0
22511.0,-0.13,0.0
22520.0,-0.06,0.0
22531.0,-0.02,0.0
22540.0,-0.1,0.0
22549.0,-0.15,0.0
22559.0,-0.09,0.0
22568.0,-0.04,0.0
22579.0,-0.1,0.0
22588.0,-0.16,0.0
22597.0,-0.08,0.0
22607.0,-0.01,0.0
22617.0,0.06,0.0
22626.0,0.02,0.0
22636.0,-0.06,0.0
22645.0,-0.05,0.0
22656.0,0.02,0.0
22665.0,-0.02,0.0
22674.0,-0.09,0.0
22684.0,-0.07,0.0
22693.0,-0.01,0.0
22704.0,0.02,0.0
22713.0,-0.07,0.0
22722.0,-0.12,0.0
22732.0,-0.06,0.0
22742.0,-0.06,0.0
22752.0,-0.07,0.0
22761.0,-0.06,0.0
22770.0,-0.02,0.0
22780.0,0.04,0.0
22790.0,-0.05,0.0
22800.0,-0.11,0.0
22809.0,-0.09,0.0
22818.0,-0.04,0.0
22829.0,-0.02,0.0
22838.0,-0.06,0.0
22848.0,-0.11,0.0
22857.0,-0.1,0.0
22866.0,-0.02,0.0
22877.0,-0.0,0.0
22886.0,-0.01,0.0
22896.0,-0.06,0.0
22905.0,-0.09,0.0
22915.0,-0.07,0.0
22925.0,-0.01,0.0
22934.0,-0.0,0.0
22944.0,-0.06,0.0
22953.0,-0.1,0.0
22963.0,-0.08,0.0
22973.0,-0.02,0.0
22982.0,-0.0,0.0
22992.0,-0.09,0.0
23002.0,-0.13,0.0
23011.0,-0.07,0.0
23021.0,-0.0,0.0
23030.0,-0.06,0.0
23040.0,-0.13,0.0
23050.0,-0.11,0.0
23059.0,-0.04,0.0
23069.0,0.02,0.0
23078.0,-0.03,0.0
23088.0,-0.07,0.0
23098.0,0.0,0.0
23107.0,0.06,0.0
23117.0,-0.0,0.0
23127.0,-0.08,0.0
23136.0,-0.04,0.0
23146.0,0.02,0.0
23155.0,0.09,0.0
23165.0,0.05,0.0
23175.0,-0.02,0.0
23184.0,-0.01,0.0
23194.0,0.05,0.0
23203.0,0.04,0.0
23214.0,-0.03,0.0
23223.0,-0.02,0.0
23232.0,0.05,0.0
23242.0,-0.02,0.0
23251.0,-0.04,0.0
23262.0,-0.07,0.0
23271.0,-0.09,0.0
23280.0,-0.14,0.0
23290.0,-0.1,0.0
23300.0,-0.06,0.0
23310.0,-0.02,0.0
23319.0,-0.11,0.0
23328.0,-0.11,0.0
23339.0,-0.07,0.0
23348.0,-0.0,0.0
23358.0,-0.02,0.0
23367.0,-0.13,0.0
23376.0,-0.2,0.0
23387.0,-0.23,0.0
23396.0,-0.13,0.0
23405.0,-0.06,0.0
23415.0,-0.05,0.0
23425.0,-0.06,0.0
23435.0,-0.12,0.0
23444.0,-0.12,0.0
23453.0,-0.11,0.0
23463.0,-0.07,0.0
23473.0,-0.07,0.0
23483.0,-0.16,0.0
23492.0,-0.19,0.0
23501.0,-0.18,0.0
23512.0,-0.11,0.0
23521.0,-0.1,0.0
23531.0,-0.1,0.0
23540.0,-0.11,0.0
23549.0,-0.12,0.0
23560.0,-0.17,0.0
23569.0,-0.16,0.0
23579.0,-0.09,0.0
23588.0,-0.06,0.0
23598.0,-0.12,0.0
23608.0,-0.17,0.0
23617.0,-0.1,0.0
23627.0,-0.07,0.0
23636.0,-0.12,0.0
23646.0,-0.14,0.0
23656.0,-0.08,0.0
23665.0,-0.03,0.0
23675.0,-0.11,0.0
23685.0,-0.14,0.0
23694.0,-0.13,0.0
23704.0,-0.09,0.0
23713.0,-0.03,0.0
23724.0,-0.08,0.0
23733.0,-0.12,0.0
23742.0,-0.06,0.0
23752.0,-0.02,0.0
23761.0,-0.02,0.0
23771.0,-0.03,0.0
23781.0,-0.02,0.0
23790.0,0.02,0.0
23800.0,0.06,0.0
23810.0,-0.06,0.0
23819.0,-0.14,0.0
23829.0,-0.13,0.0
23838.0,-0.08,0.0
23848.0,-0.07,0.0
23858.0,-0.1,0.0
23867.0,-0.18,0.0
23877.0,-0.16,0.0
23886.0,-0.1,0.0
23897.0,-0.06,0.0
23906.0,-0.09,0.0
23915.0,-0.18,0.0
23925.0,-0.19,0.0
23934.0,-0.14,0.0
23945.0,-0.1,0.0
23954.0,-0.05,0.0
23963.0,-0.08,0.0
23973.0,-0.14,0.0
23983.0,-0.13,0.0
23993.0,-0.06,0.0
24002.0,-0.04,0.0
24011.0,-0.11,0.0
24022.0,-0.13,0.0
24031.0,-0.08,0.0
24041.0,-0.03,0.0
24050.0,-0.12,0.0
24059.0,-0.16,0.0
24070.0,-0.09,0.0
24079.0,-0.03,0.0
24089.0,0.02,0.0
24098.0,-0.04,0.0
24108.0,-0.06,0.0
24118.0,-0.01,0.0
24127.0,0.05,0.0
24137.0,-0.01,0.0
24146.0,-0.09,0.0
24156.0,-0.06,0.0
24166.0,0.01,0.0
24175.0,-0.03,0.0
24185.0,-0.07,0.0
24195.0,-0.02,0.0
24204.0,0.04,0.0
24214.0,-0.04,0.0
24223.0,-0.06,0.0
24233.0,-0.11,0.0
24243.0,-0.07,0.0
24252.0,-0.02,0.0
24262.0,0.01,0.0
24271.0,-0.02,0.0
24281.0,-0.03,0.0
24291.0,-0.07,0.0
24300.0,-0.06,0.0
24310.0,-0.05,0.0
24320.0,-0.01,0.0
24329.0,-0.0,0.0
24339.0,-0.05,0.0
24348.0,-0.03,0.0
24358.0,0.02,0.0
24368.0,0.07,0.0
24377.0,-0.0,0.0
24387.0,-0.06,0.0
24396.0,-0.09,0.0
24407.0,-0.03,0.0
24416.0,0.01,0.0
24425.0,0.02,0.0
24435.0,-0.04,0.0
24444.0,-0.09,0.0
24455.0,-0.1,0.0
24464.0,-0.04,0.0
24473.0,0.0,0.0
24483.0,0.01,0.0
24493.0,0.01,0.0
24503.0,-0.02,0.0
24512.0,-0.04,0.0
24521.0,-0.05,0.0
24531.0,-0.08,0.0
24541.0,-0.08,0.0
24551.0,-0.04,0.0
24560.0,-0.05,0.0
24569.0,-0.08,0.0
24580.0,-0.15,0.0
24589.0,-0.12,0.0
24599.0,-0.05,0.0
24608.0,-0.06,0.0
24617.0,-0.11,0.0
24628.0,-0.15,0.0
24637.0,-0.07,0.0
24647.0,-0.02,0.0
24656.0,-0.11,0.0
24666.0,-0.14,0.0
24676.0,-0.07,0.0
24685.0,-0.01,0.0
24695.0,-0.1,0.0
24705.0,-0.18,0.0
24714.0,-0.11,0.0
24724.0,-0.04,0.0
24733.0,-0.09,0.0
24742.0,-0.16,0.0
24753.0,-0.21,0.0
24762.0,-0.15,0.0
24772.0,-0.1,0.0
24781.0,-0.08,0.0
24791.0,-0.09,0.0
24801.0,-0.09,0.0
24810.0,-0.17,0.0
24820.0,-0.14,0.0
24829.0,-0.11,0.0
24839.0,-0.12,0.0
24849.0,-0.16,0.0
24858.0,-0.23,0.0
24868.0,-0.26,0.0
24878.0,-0.2,0.0
24887.0,-0.17,0.0
24897.0,-0.16,0.0
24906.0,-0.23,0.0
24916.0,-0.26,0.0
24926.0,-0.29,0.0
24935.0,-0.24,0.0
24945.0,-0.23,0.0
24954.0,-0.22,0.0
24965.0,-0.27,0.0
24974.0,-0.27,0.0
24983.0,-0.26,0.0
24993.0,-0.23,0.0
25003.0,-0.21,0.0
25013.0,-0.21,0.0
25022.0,-0.19,0.0
25031.0,-0.2,0.0
25041.0,-0.23,0.0
25051.0,-0.2,0.0
25061.0,-0.17,0.0
25070.0,-0.11,0.0
25079.0,-0.14,0.0
25090.0,-0.2,0.0
25099.0,-0.16,0.0
25109.0,-0.09,0.0
25118.0,-0.13,0.0
25127.0,-0.19,0.0
25138.0,-0.14,0.0
25147.0,-0.07,0.0
25157.0,-0.0,0.0
25166.0,-0.07,0.0
25176.0,-0.09,0.0
25186.0,-0.02,0.0
25195.0,0.03,0.0
25204.0,-0.05,0.0
25214.0,-0.11,0.0
25224.0,-0.04,0.0
25234.0,-0.02,0.0
25243.0,-0.1,0.0
25252.0,-0.17,0.0
25263.0,-0.12,0.0
25272.0,-0.07,0.0
25282.0,-0.13,0.0
25291.0,-0.13,0.0
25300.0,-0.13,0.0
25311.0,-0.11,0.0
25320.0,-0.13,0.0
25330.0,-0.17,0.0
25339.0,-0.2,0.0
25349.0,-0.22,0.0
25359.0,-0.18,0.0
25368.0,-0.16,0.0
25378.0,-0.19,0.0
25388.0,-0.22,0.0
25397.0,-0.25,0.0
25407.0,-0.17,0.0
25416.0,-0.13,0.0
25426.0,-0.11,0.0
25436.0,-0.17,0.0
25445.0,-0.19,0.0
25455.0,-0.2,0.0
25464.0,-0.14,0.0
25475.0,-0.13,0.0
25484.0,-0.11,0.0
25493.0,-0.13,0.0
25503.0,-0.15,0.0
25512.0,-0.12,0.0
25522.0,-0.1,0.0
25532.0,-0.04,0.0
25541.0,-0.09,0.0
25551.0,-0.1,0.0
25561.0,-0.16,0.0
25570.0,-0.15,0.0
25580.0,-0.09,0.0
25589.0,-0.05,0.0
25600.0,-0.1,0.0
25609.0,-0.08,0.0
25618.0,-0.03,0.0
25628.0,-0.01,0.0
25637.0,-0.06,0.0
25648.0,-0.14,0.0
25657.0,-0.07,0.0
25666.0,-0.04,0.0
25676.0,-0.12,0.0
25686.0,-0.04,0.0
25696.0,-0.01,0.0
25705.0,-0.03,0.0
25714.0,-0.12,0.0
25724.0,-0.07,0.0
25734.0,-0.14,0.0
25744.0,-0.08,0.0
25753.0,-0.08,0.0
25762.0,-0.12,0.0
25773.0,-0.06,0.0
25782.0,-0.07,0.0
25792.0,-0.07,0.0
25801.0,-0.07,0.0
25810.0,-0.09,0.0
25821.0,-0.15,0.0
25830.0,-0.12,0.0
25840.0,-0.1,0.0
25849.0,-0.11,0.0
25859.0,-0.09,0.0
25869.0,-0.13,0.0
25878.0,-0.15,0.0
25888.0,-0.13,0.0
25897.0,-0.12,0.0
25907.0,-0.12,0.0
25917.0,-0.14,0.0
25926.0,-0.17,0.0
25936.0,-0.2,0.0
25946.0,-0.14,0.0
25955.0,-0.13,0.0
25965.0,-0.13,0.0
25974.0,-0.14,0.0
25985.0,-0.15,0.0
25994.0,-0.22,0.0
26003.0,-0.19,0.0
26013.0,-0.14,0.0
26022.0,-0.12,0.0
26032.0,-0.19,0.0
26042.0,-0.22,0.0
26051.0,-0.15,0.0
26061.0,-0.09,0.0
26071.0,-0.16,0.0
26080.0,-0.23,0.0
26090.0,-0.26,0.0
26099.0,-0.19,0.0
26109.0,-0.13,0.0
26119.0,-0.11,0.0
26128.0,-0.19,0.0
26138.0,-0.14,0.0
26147.0,-0.07,0.0
26158.0,-0.11,0.0
26167.0,-0.18,0.0
26176.0,-0.11,0.0
26186.0,-0.06,0.0
26195.0,-0.05,0.0
26206.0,-0.09,0.0
26215.0,-0.07,0.0
26224.0,-0.04,0.0
26234.0,-0.09,0.0
26244.0,-0.02,0.0
26254.0,-0.11,0.0
26263.0,-0.03,0.0
26272.0,-0.04,0.0
26283.0,-0.03,0.0
26292.0,-0.03,0.0
26302.0,-0.01,0.0
26311.0,0.09,0.0
26320.0,0.02,0.0
26331.0,-0.09,0.0
26340.0,-0.17,0.0
26350.0,-0.19,0.0
26359.0,-0.2,0.0
26369.0,-0.14,0.0
26379.0,-0.12,0.0
26388.0,-0.16,0.0
26398.0,-0.2,0.0
26407.0,-0.25,0.0
26417.0,-0.2,0.0
26427.0,-0.17,0.0
26436.0,-0.26,0.0
26445.0,-0.31,0.0
26456.0,-0.29,0.0
26465.0,-0.22,0.0
26475.0,-0.2,0.0
26484.0,-0.28,0.0
26493.0,-0.29,0.0
26504.0,-0.23,0.0
26513.0,-0.18,0.0
26523.0,-0.13,0.0
26532.0,-0.21,0.0
26542.0,-0.17,0.0
26552.0,-0.11,0.0
26561.0,-0.07,0.0
26571.0,-0.15,0.0
26580.0,-0.16,0.0
26590.0,-0.09,0.0
26600.0,-0.02,0.0
26609.0,-0.1,0.0
26619.0,-0.11,0.0
26629.0,-0.19,0.0
26638.0,-0.12,0.0
26648.0,-0.05,0.0
26657.0,-0.04,0.0
26668.0,-0.1,0.0
26677.0,-0.05,0.0
26686.0,-0.01,0.0
26696.0,-0.09,0.0
26705.0,-0.05,0.0
26716.0,0.02,0.0
26725.0,-0.01,0.0
26734.0,-0.04,0.0
26744.0,-0.12,0.0
26754.0,-0.07,0.0
26764.0,-0.07,0.0
26773.0,-0.02,0.0
26782.0,0.05,0.0
26792.0,0.02,0.0
26802.0,0.02,0.0
26812.0,0.01,0.0
26821.0,0.01,0.0
26830.0,-0.1,0.0
26841.0,-0.08,0.0
26850.0,-0.04,0.0
26860.0,0.04,0.0
26869.0,-0.01,0.0
26878.0,-0.08,0.0
26889.0,-0.08,0.0
26898.0,-0.05,0.0
26908.0,-0.03,0.0
26917.0,-0.07,0.0
26927.0,-0.11,0.0
26937.0,-0.13,0.0
26946.0,-0.13,0.0
26956.0,-0.1,0.0
26966.0,-0.09,0.0
26975.0,-0.12,0.0
26985.0,-0.16,0.0
26994.0,-0.19,0.0
27003.0,-0.1,0.0
27014.0,-0.06,0.0
27023.0,-0.04,0.0
27033.0,-0.1,0.0
27042.0,-0.13,0.0
27052.0,-0.08,0.0
27062.0,-0.03,0.0
27071.0,0.01,0.0
27081.0,-0.06,0.0
27090.0,-0.14,0.0
27100.0,-0.07,0.0
27110.0,-0.01,0.0
27119.0,-0.05,0.0
27129.0,-0.14,0.0
27139.0,-0.08,0.0
27148.0,-0.0,0.0
27158.0,0.04,0.0
27167.0,-0.04,0.0
27177.0,-0.1,0.0
27187.0,-0.07,0.0
27196.0,0.0,0.0
27206.0,0.02,0.0
27215.0,-0.07,0.0
27226.0,-0.1,0.0
27235.0,-0.04,0.0
27244.0,-0.04,0.0
27254.0,-0.0,0.0
27264.0,-0.05,0.0
27274.0,-0.12,0.0
27283.0,-0.09,0.0
27292.0,-0.04,0.0
27302.0,-0.05,0.0
27312.0,-0.05,0.0
27322.0,-0.04,0.0
27331.0,0.01,0.0
27340.0,0.03,0.0
27351.0,-0.09,0.0
27360.0,-0.16,0.0
27369.0,-0.14,0.0
27379.0,-0.09,0.0
27388.0,-0.04,0.0
27399.0,-0.08,0.0
27408.0,-0.14,0.0
27417.0,-0.16,0.0
27427.0,-0.15,0.0
27437.0,-0.11,0.0
27447.0,-0.11,0.0
27456.0,-0.15,0.0
27465.0,-0.2,0.0
27475.0,-0.18,0.0
27485.0,-0.14,0.0
27495.0,-0.11,0.0
27504.0,-0.14,0.0
27513.0,-0.2,0.0
27524.0,-0.15,0.0
27533.0,-0.1,0.0
27543.0,-0.07,0.0
27552.0,-0.15,0.0
27561.0,-0.2,0.0
27572.0,-0.13,0.0
27581.0,-0.07,0.0
27591.0,-0.13,0.0
27600.0,-0.2,0.0
27610.0,-0.13,0.0
27620.0,-0.06,0.0
27629.0,-0.04,0.0
27639.0,-0.11,0.0
27649.0,-0.06,0.0
27658.0,0.02,0.0
27668.0,-0.04,0.0
27677.0,-0.12,0.0
27687.0,-0.19,0.0
27697.0,-0.19,0.0
27706.0,-0.13,0.0
27716.0,-0.08,0.0
27725.0,-0.16,0.0
27736.0,-0.09,0.0
27745.0,-0.04,0.0
27754.0,-0.07,0.0
27764.0,-0.12,0.0
27773.0,-0.15,0.0
27783.0,-0.13,0.0
27793.0,-0.07,0.0
27802.0,-0.12,0.0
27812.0,-0.17,0.0
27822.0,-0.16,0.0
27831.0,-0.16,0.0
27841.0,-0.15,0.0
27850.0,-0.18,0.0
27860.0,-0.18,0.0
27870.0,-0.18,0.0
27879.0,-0.14,0.0
27889.0,-0.15,0.0
27898.0,-0.15,0.0
27909.0,-0.13,0.0
27918.0,-0.06,0.0
27927.0,-0.1,0.0
27937.0,-0.21,0.0
27947.0,-0.25,0.0
27957.0,-0.29,0.0
27966.0,-0.25,0.0
27975.0,-0.24,0.0
27985.0,-0.2,0.0
27995.0,-0.26,0.0
28005.0,-0.27,0.0
28014.0,-0.25,0.0
28023.0,-0.22,0.0
28034.0,-0.18,0.0
28043.0,-0.23,0.0
28053.0,-0.29,0.0
28062.0,-0.27,0.0
28071.0,-0.2,0.0
28082.0,-0.15,0.0
28091.0,-0.24,0.0
28101.0,-0.25,0.0
28110.0,-0.17,0.0
28120.0,-0.11,0.0
28130.0,-0.17,0.0
28139.0,-0.2,0.0
28149.0,-0.13,0.0
28158.0,-0.06,0.0
28168.0,-0.1,0.0
28178.0,-0.17,0.0
28187.0,-0.16,0.0
28196.0,-0.1,0.0
28207.0,-0.08,0.0
28216.0,-0.08,0.0
28226.0,-0.06,0.0
28235.0,-0.15,0.0
28244.0,-0.14,0.0
28255.0,-0.08,0.0
28264.0,-0.11,0.0
28274.0,-0.1,0.0
28283.0,-0.11,0.0
28293.0,-0.14,0.0
28303.0,-0.07,0.0
28312.0,-0.13,0.0
28322.0,-0.13,0.0
28332.0,-0.14,0.0
28341.0,-0.12,0.0
28351.0,-0.08,0.0
28360.0,-0.05,0.0
28370.0,-0.19,0.0
28380.0,-0.27,0.0
28389.0,-0.24,0.0
28399.0,-0.21,0.0
28408.0,-0.22,0.0
28419.0,-0.29,0.0
28428.0,-0.33,0.0
28437.0,-0.31,0.0
28447.0,-0.26,0.0
28456.0,-0.21,0.0
28467.0,-0.27,0.0
28476.0,-0.36,0.0
28485.0,-0.38,0.0
28495.0,-0.41,0.0
28505.0,-0.36,0.0
28515.0,-0.35,0.0
28524.0,-0.34,0.0
28533.0,-0.39,0.0
28544.0,-0.4,0.0
28553.0,-0.42,0.0
28563.0,-0.36,0.0
28572.0,-0.36,0.0
28581.0,-0.34,0.0
28592.0,-0.39,0.0
28601.0,-0.39,0.0
28610.0,-0.32,0.0
28620.0,-0.29,0.0
28630.0,-0.28,0.0
28640.0,-0.27,0.0
28649.0,-0.25,0.0
28658.0,-0.23,0.0
28668.0,-0.22,0.0
28678.0,-0.18,0.0
28688.0,-0.11,0.0
28697.0,-0.12,0.0
28706.0,-0.16,0.0
28717.0,-0.09,0.0
28726.0,-0.12,0.0
28736.0,-0.16,0.0
28745.0,-0.17,0.0
28754.0,-0.17,0.0
28765.0,-0.11,0.0
28774.0,-0.05,0.0
28784.0,-0.09,0.0
28793.0,-0.14,0.0
28803.0,-0.09,0.0
28813.0,-0.02,2.29
28822.0,-0.11,2.29
28832.0,-0.12,2.29
28841.0,-0.1,2.29
28851.0,0.11,2.29
28861.0,0.5,2.29
28870.0,1.22,2.29
28880.0,2.07,2.29
28890.0,2.64,2.29
28899.0,2.62,2.29
28909.0,2.24,2.29
28918.0,1.84,2.29
28928.0,1.86,2.29
28938.0,2.16,2.29
28947.0,2.57,2.29
28957.0,2.73,2.29
28966.0,2.57,2.29
28976.0,2.26,2.29
28986.0,2.14,2.29
28995.0,2.13,2.29
29005.0,2.37,2.29
29015.0,2.54,2.29
29024.0,2.58,2.29
29034.0,2.53,2.29
29043.0,2.41,2.29
29053.0,2.36,2.29
29063.0,2.36,2.29
29072.0,2.46,2.29
29082.0,2.49,2.29
29091.0,2.48,2.29
29102.0,2.4,2.29
29111.0,2.35,2.29
29120.0,2.43,2.29
29130.0,2.49,2.29
29139.0,2.51,2.29
29150.0,2.42,2.29
29159.0,2.35,2.29
29168.0,2.41,2.29
29178.0,2.47,2.29
29188.0,2.37,2.29
29198.0,2.29,2.29
29207.0,2.34,2.29
29216.0,2.41,2.29
29227.0,2.48,2.29
29236.0,2.39,2.29
29246.0,2.31,2.29
29255.0,2.38,2.29
29264.0,2.45,2.29
29275.0,2.37,2.29
29284.0,2.34,2.29
29293.0,2.27,2.29
29303.0,2.34,2.29
29313.0,2.41,2.29
29323.0,2.48,0.0
29332.0,2.4,0.0
29341.0,2.4,0.0
29351.0,2.26,0.0
29361.0,1.84,0.0
29371.0,1.21,0.0
29380.0,0.55,0.0
29389.0,0.0,0.0
29400.0,-0.13,0.0
29409.0,0.01,0.0
29419.0,0.25,0.0
29428.0,0.34,0.0
29437.0,0.23,0.0
29448.0,0.03,0.0
29457.0,-0.04,0.0
29467.0,-0.01,0.0
29476.0,0.09,0.0
29486.0,0.13,0.0
29496.0,0.07,0.0
29505.0,-0.01,0.0
29515.0,-0.03,0.0
29524.0,0.08,0.0
29534.0,0.15,0.0
29544.0,0.12,0.0
29553.0,0.15,0.0
29563.0,0.1,0.0
29573.0,0.05,0.0
29582.0,0.01,0.0
29592.0,0.07,0.0
29601.0,0.12,0.0
29612.0,0.1,0.0
29621.0,0.03,0.0
29630.0,0.08,0.0
29640.0,0.14,0.0
29649.0,0.16,0.0
29659.0,0.08,0.0
29669.0,0.1,0.0
29678.0,0.16,0.0
29688.0,0.18,0.0
29698.0,0.24,0.0
29707.0,0.17,0.0
29717.0,0.16,0.0
29726.0,0.19,0.0
29736.0,0.24,0.0
29746.0,0.17,0.0
29755.0,0.15,0.0
29765.0,0.22,0.0
29774.0,0.27,0.0
29785.0,0.24,0.0
29794.0,0.27,0.0
29803.0,0.23,0.0
29813.0,0.24,0.0
29822.0,0.28,0.0
29833.0,0.22,4.58
29842.0,0.16,4.58
29851.0,0.23,4.58
29861.0,0.2,4.58
29871.0,0.36,4.58
29881.0,1.08,4.58
29890.0,2.31,4.58
29899.0,3.6,4.58
29910.0,4.55,4.58
29919.0,4.67,4.58
29928.0,4.45,4.58
29938.0,4.0,4.58
29947.0,3.74,4.58
29958.0,3.99,4.58
29967.0,4.44,4.58
29977.0,4.87,4.58
29986.0,4.83,4.58
29996.0,4.53,4.58
30006.0,4.23,4.58
30015.0,4.24,4.58
30024.0,4.43,4.58
30034.0,4.69,4.58
30044.0,4.74,4.58
30054.0,4.69,4.58
30063.0,4.48,4.58
30072.0,4.38,4.58
30083.0,4.37,4.58
30092.0,4.51,4.58
30102.0,4.56,4.58
30111.0,4.59,4.58
30120.0,4.5,4.58
30131.0,4.44,4.58
30140.0,4.53,4.58
30150.0,4.59,4.58
30159.0,4.65,4.58
30169.0,4.57,4.58
30179.0,4.52,4.58
30188.0,4.59,4.58
30198.0,4.66,4.58
30208.0,4.57,4.58
30217.0,4.54,4.58
30227.0,4.61,4.58
30236.0,4.68,4.58
30246.0,4.74,4.58
30256.0,4.74,4.58
30265.0,4.81,4.58
30275.0,4.87,4.58
30284.0,4.78,4.58
30295.0,4.72,4.58
30304.0,4.79,4.58
30313.0,4.86,4.58
30323.0,4.94,4.58
30332.0,4.99,4.58
30343.0,4.98,0.0
30352.0,4.98,0.0
30361.0,5.05,0.0
30371.0,4.96,0.0
30381.0,4.31,0.0
30391.0,3.1,0.0
30400.0,1.79,0.0
30409.0,0.72,0.0
30419.0,0.42,0.0
30429.0,0.63,0.0
30438.0,0.84,0.0
30448.0,0.95,0.0
30457.0,0.88,0.0
30468.0,0.63,0.0
30477.0,0.38,0.0
30486.0,0.4,0.0
30496.0,0.59,0.0
30505.0,0.74,0.0
30516.0,0.72,0.0
30525.0,0.52,0.0
30534.0,0.41,0.0
30544.0,0.4,0.0
30554.0,0.52,0.0
30564.0,0.56,0.0
30573.0,0.45,0.0
30582.0,0.38,0.0
30593.0,0.34,0.0
30602.0,0.43,0.0
30612.0,0.48,0.0
30621.0,0.5,0.0
30630.0,0.43,0.0
30641.0,0.36,0.0
30650.0,0.43,0.0
30660.0,0.47,0.0
30669.0,0.39,0.0
30679.0,0.32,0.0
30689.0,0.39,0.0
30698.0,0.44,0.0
30708.0,0.35,0.0
30717.0,0.28,0.0
30727.0,0.2,0.0
30737.0,0.25,0.0
30746.0,0.28,0.0
30756.0,0.33,0.0
30766.0,0.23,0.0
30775.0,0.15,0.0
30785.0,0.16,0.0
30794.0,0.24,0.0
30803.0,0.24,0.0
30814.0,0.16,0.0
30823.0,0.12,0.0
30833.0,0.19,0.0
30842.0,0.16,6.3
30852.0,0.11,6.3
30862.0,0.04,6.3
30871.0,0.14,6.3
30881.0,0.84,6.3
30891.0,2.14,6.3
30900.0,3.58,6.3
30910.0,4.9,6.3
30919.0,5.66,6.3
30929.0,5.88,6.3
30939.0,5.85,6.3
30948.0,5.82,6.3
30958.0,5.87,6.3
30967.0,6.04,6.3
30978.0,6.13,6.3
30987.0,6.18,6.3
30996.0,6.12,6.3
31006.0,6.07,6.3
31015.0,6.12,6.3
31026.0,6.16,6.3
31035.0,6.18,6.3
31044.0,6.16,6.3
31054.0,6.18,6.3
31064.0,6.22,6.3
31074.0,6.23,6.3
31083.0,6.3,6.3
31092.0,6.32,6.3
31102.0,6.3,6.3
31112.0,6.3,6.3
31122.0,6.38,6.3
31131.0,6.39,6.3
31140.0,6.39,6.3
31151.0,6.37,6.3
31160.0,6.4,6.3
31169.0,6.47,6.3
31179.0,6.44,6.3
31188.0,6.39,6.3
31199.0,6.38,6.3
31208.0,6.3,6.3
31217.0,6.32,6.3
31227.0,6.39,6.3
31237.0,6.42,6.3
31247.0,6.47,6.3
31256.0,6.48,6.3
31265.0,6.49,6.3
31276.0,6.56,6.3
31285.0,6.48,6.3
31295.0,6.41,6.3
31304.0,6.45,6.3
31313.0,6.38,6.3
31324.0,6.43,6.3
31333.0,6.48,6.3
31343.0,6.51,6.3
31352.0,6.56,0.0
31362.0,6.49,0.0
31372.0,6.5,0.0
31381.0,6.52,0.0
31391.0,6.5,0.0
31400.0,6.1,0.0
31410.0,5.04,0.0
31420.0,3.63,0.0
31429.0,2.19,0.0
31439.0,1.09,0.0
31449.0,0.56,0.0
31458.0,0.49,0.0
31468.0,0.62,0.0
31477.0,0.76,0.0
31488.0,0.71,0.0
31497.0,0.59,0.0
31506.0,0.48,0.0
31516.0,0.49,0.0
31525.0,0.51,0.0
31535.0,0.62,0.0
31545.0,0.61,0.0
31554.0,0.54,0.0
31564.0,0.47,0.0
31574.0,0.46,0.0
31583.0,0.5,0.0
31593.0,0.52,0.0
31602.0,0.48,0.0
31612.0,0.46,0.0
31622.0,0.47,0.0
31631.0,0.46,0.0
31641.0,0.38,0.0
31650.0,0.36,0.0
31661.0,0.37,0.0
31670.0,0.38,0.0
31679.0,0.38,0.0
31689.0,0.32,0.0
31698.0,0.25,0.0
31709.0,0.25,0.0
31718.0,0.32,0.0
31727.0,0.35,0.0
31737.0,0.27,0.0
31747.0,0.32,0.0
31757.0,0.36,0.0
31766.0,0.29,0.0
31775.0,0.23,0.0
31785.0,0.16,0.0
31795.0,0.2,0.0
31805.0,0.26,0.0
31814.0,0.23,0.0
31823.0,0.29,0.0
31834.0,0.36,0.0
31843.0,0.38,0.0
31853.0,0.3,0.0
31862.0,0.24,6.99
31872.0,0.21,6.99
31882.0,0.18,6.99
31891.0,0.35,6.99
31901.0,1.19,6.99
31910.0,2.57,6.99
31920.0,4.09,6.99
31930.0,5.5,6.99
31939.0,6.5,6.99
31948.0,7.07,6.99
31959.0,7.34,6.99
31968.0,7.43,6.99
31978.0,7.44,6.99
31987.0,7.44,6.99
31996.0,7.41,6.99
32007.0,7.39,6.99
32016.0,7.35,6.99
32026.0,7.31,6.99
32035.0,7.27,6.99
32045.0,7.19,6.99
32055.0,7.16,6.99
32064.0,7.14,6.99
32074.0,7.06,6.99
32083.0,6.98,6.99
32093.0,6.94,6.99
32103.0,6.91,6.99
32112.0,6.82,6.99
32122.0,6.74,6.99
32132.0,6.74,6.99
32141.0,6.75,6.99
32151.0,6.81,6.99
32160.0,6.78,6.99
32169.0,6.76,6.99
32180.0,6.79,6.99
32189.0,6.82,6.99
32199.0,6.78,6.99
32208.0,6.7,6.99
32219.0,6.7,6.99
32228.0,6.7,6.99
32237.0,6.78,6.99
32247.0,6.73,6.99
32257.0,6.76,6.99
32267.0,6.83,6.99
32276.0,6.85,6.99
32285.0,6.77,6.99
32295.0,6.78,6.99
32305.0,6.81,6.99
32315.0,6.74,6.99
32324.0,6.74,6.99
32333.0,6.8,6.99
32344.0,6.81,6.99
32353.0,6.88,6.99
32363.0,6.88,6.99
32372.0,6.85,0.0
32381.0,6.77,0.0
32392.0,6.71,0.0
32401.0,6.75,0.0
32410.0,6.62,0.0
32420.0,6.1,0.0
32430.0,4.99,0.0
32440.0,3.59,0.0
32449.0,2.1,0.0
32458.0,0.77,0.0
32468.0,-0.06,0.0
32478.0,-0.39,0.0
32488.0,-0.39,0.0
32497.0,-0.28,0.0
32506.0,-0.25,0.0
32517.0,-0.31,0.0
32526.0,-0.39,0.0
32536.0,-0.42,0.0
32545.0,-0.38,0.0
32555.0,-0.34,0.0
32565.0,-0.33,0.0
32574.0,-0.36,0.0
32584.0,-0.39,0.0
32593.0,-0.37,0.0
32603.0,-0.3,0.0
32613.0,-0.27,0.0
32622.0,-0.32,0.0
32632.0,-0.33,0.0
32642.0,-0.25,0.0
32651.0,-0.19,0.0
32661.0,-0.13,0.0
32670.0,-0.12,0.0
32680.0,-0.09,0.0
32690.0,-0.04,0.0
32699.0,-0.0,0.0
32709.0,-0.06,0.0
32718.0,0.01,0.0
32729.0,0.07,0.0
32738.0,0.14,0.0
32747.0,0.21,0.0
32757.0,0.27,0.0
32766.0,0.29,0.0
32776.0,0.29,0.0
32786.0,0.24,0.0
32795.0,0.16,0.0
32805.0,0.07,0.0
32815.0,0.12,0.0
32824.0,0.18,0.0
32834.0,0.1,0.0
32843.0,0.05,0.0
32854.0,0.13,0.0
32863.0,0.19,0.0
32872.0,0.11,0.0
32882.0,0.03,2.29
32891.0,0.1,2.29
32902.0,0.08,2.29
32911.0,0.15,2.29
32920.0,0.46,2.29
32930.0,1.08,2.29
32940.0,1.9,2.29
32950.0,2.52,2.29
32959.0,2.51,2.29
32968.0,2.12,2.29
32978.0,1.62,2.29
32988.0,1.31,2.29
32998.0,1.48,2.29
33007.0,2.01,2.29
33016.0,2.4,2.29
33027.0,2.43,2.29
33036.0,2.2,2.29
33046.0,1.89,2.29
33055.0,1.85,2.29
33064.0,1.97,2.29
33075.0,2.21,2.29
33084.0,2.28,2.29
33094.0,2.22,2.29
33103.0,2.04,2.29
33113.0,1.97,2.29
33123.0,1.95,2.29
33132.0,2.11,2.29
33141.0,2.2,2.29
33152.0,2.22,2.29
33161.0,2.1,2.29
33171.0,2.03,2.29
33180.0,2.13,2.29
33189.0,2.21,2.29
33200.0,2.26,2.29
33209.0,2.15,2.29
33219.0,2.08,2.29
33228.0,2.17,2.29
33238.0,2.24,2.29
33248.0,2.3,2.29
33257.0,2.21,2.29
33267.0,2.13,2.29
33276.0,2.16,2.29
33286.0,2.23,2.29
33296.0,2.29,2.29
33305.0,2.29,2.29
33315.0,2.21,2.29
33325.0,2.28,2.29
33334.0,2.35,2.29
33344.0,2.41,2.29
33353.0,2.38,2.29
33363.0,2.46,2.29
33373.0,2.53,2.29
33382.0,2.6,0.0
33392.0,2.52,0.0
33401.0,2.46,0.0
33412.0,2.42,0.0
33421.0,2.12,0.0
33430.0,1.56,0.0
33440.0,0.84,0.0
33449.0,0.33,0.0
33460.0,0.22,0.0
33469.0,0.37,0.0
33478.0,0.64,0.0
33488.0,0.71,0.0
33498.0,0.58,0.0
33508.0,0.36,0.0
33517.0,0.26,0.0
33526.0,0.24,0.0
33537.0,0.42,0.0
33546.0,0.51,0.0
33556.0,0.51,0.0
33565.0,0.47,0.0
33574.0,0.39,0.0
33585.0,0.36,0.0
33594.0,0.42,0.0
33604.0,0.46,0.0
33613.0,0.46,0.0
33623.0,0.39,0.0
33633.0,0.34,0.0
33642.0,0.41,0.0
33651.0,0.47,0.0
33661.0,0.38,0.0
33671.0,0.29,0.0
33681.0,0.35,0.0
33690.0,0.39,0.0
33699.0,0.32,0.0
33710.0,0.25,0.0
33719.0,0.31,0.0
33729.0,0.35,0.0
33738.0,0.39,0.0
33747.0,0.41,0.0
33758.0,0.34,0.0
33767.0,0.34,0.0
33777.0,0.34,0.0
33786.0,0.28,0.0
33796.0,0.2,0.0
33806.0,0.11,0.0
33815.0,0.15,0.0
33825.0,0.22,0.0
33835.0,0.29,0.0
33844.0,0.36,0.0
33854.0,0.42,0.0
33863.0,0.49,0.0
33873.0,0.43,0.0
33883.0,0.35,0.0
33892.0,0.27,4.58
33902.0,0.2,4.58
33911.0,0.22,4.58
33922.0,0.19,4.58
33931.0,0.25,4.58
33940.0,0.78,4.58
33950.0,1.82,4.58
33959.0,3.06,4.58
33970.0,4.26,4.58
33979.0,4.74,4.58
33988.0,4.51,4.58
33998.0,4.0,4.58
34008.0,3.71,4.58
34017.0,3.98,4.58
34027.0,4.51,4.58
34036.0,4.95,4.58
34046.0,4.91,4.58
34056.0,4.66,4.58
34065.0,4.19,4.58
34075.0,4.03,4.58
34084.0,4.17,4.58
34095.0,4.38,4.58
34104.0,4.56,4.58
34113.0,4.5,4.58
34123.0,4.37,4.58
34132.0,4.25,4.58
34143.0,4.27,4.58
34152.0,4.34,4.58
34161.0,4.43,4.58
34171.0,4.43,4.58
34181.0,4.4,4.58
34191.0,4.3,4.58
34200.0,4.27,4.58
34209.0,4.37,4.58
34220.0,4.43,4.58
34229.0,4.47,4.58
34239.0,4.39,4.58
34248.0,4.32,4.58
34257.0,4.41,4.58
34268.0,4.47,4.58
34277.0,4.52,4.58
34287.0,4.44,4.58
34296.0,4.51,4.58
34306.0,4.59,4.58
34316.0,4.65,4.58
34325.0,4.57,4.58
34335.0,4.5,4.58
34344.0,4.5,4.58
34354.0,4.57,4.58
34364.0,4.64,4.58
34373.0,4.7,4.58
34383.0,4.63,4.58
34393.0,4.68,4.58
34402.0,4.74,0.0
34412.0,4.81,0.0
34421.0,4.81,0.0
34432.0,4.6,0.0
34441.0,3.77,0.0
34450.0,2.69,0.0
34460.0,1.42,0.0
34469.0,0.22,0.0
34479.0,-0.34,0.0
34489.0,-0.24,0.0
34498.0,0.03,0.0
34508.0,0.3,0.0
34518.0,0.28,0.0
34527.0,0.02,0.0
34537.0,-0.29,0.0
34546.0,-0.36,0.0
34556.0,-0.27,0.0
34566.0,-0.09,0.0
34575.0,-0.03,0.0
34585.0,-0.08,0.0
34594.0,-0.19,0.0
34605.0,-0.26,0.0
34614.0,-0.31,0.0
34623.0,-0.29,0.0
34633.0,-0.26,0.0
34642.0,-0.21,0.0
34653.0,-0.22,0.0
34662.0,-0.2,0.0
34671.0,-0.15,0.0
34681.0,-0.11,0.0
34691.0,-0.17,0.0
34701.0,-0.19,0.0
34710.0,-0.15,0.0
34719.0,-0.08,0.0
34729.0,-0.05,0.0
34739.0,-0.12,0.0
34749.0,-0.1,0.0
34758.0,-0.02,0.0
34767.0,0.05,0.0
34778.0,0.07,0.0
34787.0,0.01,0.0
34797.0,0.06,0.0
34806.0,0.13,0.0
34816.0,0.09,0.0
34826.0,0.03,0.0
34835.0,0.09,0.0
34844.0,0.16,0.0
34854.0,0.21,0.0
34864.0,0.28,0.0
34874.0,0.35,0.0
34883.0,0.35,0.0
34892.0,0.37,0.0
34903.0,0.3,0.0
34912.0,0.21,6.3
34922.0,0.26,6.3
34931.0,0.17,6.3
34940.0,0.1,6.3
34951.0,0.32,6.3
34960.0,1.16,6.3
34970.0,2.42,6.3
34979.0,3.79,6.3
34989.0,5.29,6.3
34999.0,6.36,6.3
35008.0,6.79,6.3
35018.0,6.64,6.3
35027.0,6.43,6.3
35037.0,6.51,6.3
35047.0,6.73,6.3
35056.0,6.87,6.3
35066.0,6.84,6.3
35076.0,6.62,6.3
35085.0,6.53,6.3
35095.0,6.58,6.3
35104.0,6.75,6.3
35115.0,6.79,6.3
35124.0,6.77,6.3
35133.0,6.69,6.3
35143.0,6.6,6.3
35152.0,6.57,6.3
35162.0,6.59,6.3
35172.0,6.63,6.3
35181.0,6.62,6.3
35191.0,6.58,6.3
35201.0,6.51,6.3
35210.0,6.52,6.3
35220.0,6.54,6.3
35229.0,6.51,6.3
35239.0,6.48,6.3
35249.0,6.43,6.3
35258.0,6.46,6.3
35268.0,6.47,6.3
35277.0,6.41,6.3
35288.0,6.35,6.3
35297.0,6.35,6.3
35306.0,6.27,6.3
35316.0,6.27,6.3
35325.0,6.31,6.3
35336.0,6.35,6.3
35345.0,6.42,6.3
35354.0,6.4,6.3
35364.0,6.32,6.3
35374.0,6.38,6.3
35384.0,6.32,6.3
35393.0,6.24,6.3
35402.0,6.31,6.3
35412.0,6.29,6.3
35422.0,6.32,0.0
35432.0,6.37,0.0
35441.0,6.42,0.0
35450.0,6.28,0.0
35461.0,5.64,0.0
35470.0,4.48,0.0
35480.0,3.03,0.0
35489.0,1.52,0.0
35499.0,0.62,0.0
35509.0,0.39,0.0
35518.0,0.38,0.0
35528.0,0.46,0.0
35537.0,0.55,0.0
35547.0,0.6,0.0
35557.0,0.48,0.0
35566.0,0.42,0.0
35575.0,0.44,0.0
35586.0,0.46,0.0
35595.0,0.43,0.0
35605.0,0.35,0.0
35614.0,0.31,0.0
35623.0,0.33,0.0
35634.0,0.37,0.0
35643.0,0.35,0.0
35653.0,0.28,0.0
35662.0,0.24,0.0
35672.0,0.27,0.0
35682.0,0.33,0.0
35691.0,0.34,0.0
35701.0,0.34,0.0
35710.0,0.28,0.0
35720.0,0.25,0.0
35730.0,0.24,0.0
35739.0,0.27,0.0
35749.0,0.25,0.0
35759.0,0.19,0.0
35768.0,0.16,0.0
35778.0,0.19,0.0
35787.0,0.24,0.0
35798.0,0.23,0.0
35807.0,0.21,0.0
35816.0,0.23,0.0
35826.0,0.17,0.0
35835.0,0.1,0.0
35846.0,0.16,0.0
35855.0,0.21,0.0
35864.0,0.26,0.0
35874.0,0.23,0.0
35884.0,0.27,0.0
35894.0,0.33,0.0
35903.0,0.26,0.0
35912.0,0.18,0.0
35922.0,0.18,0.0
35932.0,0.2,6.99
35942.0,0.2,6.99
35951.0,0.14,6.99
35960.0,0.07,6.99
35971.0,0.18,6.99
35980.0,0.79,6.99
35990.0,1.92,6.99
35999.0,3.3,6.99
36008.0,4.77,6.99
36019.0,5.81,6.99
36028.0,6.39,6.99
36037.0,6.51,6.99
36047.0,6.52,6.99
36057.0,6.51,6.99
36067.0,6.61,6.99
36076.0,6.58,6.99
36085.0,6.56,6.99
36096.0,6.5,6.99
36105.0,6.53,6.99
36115.0,6.53,6.99
36124.0,6.54,6.99
36133.0,6.52,6.99
36144.0,6.5,6.99
36153.0,6.5,6.99
36163.0,6.52,6.99
36172.0,6.53,6.99
36182.0,6.56,6.99
36192.0,6.55,6.99
36201.0,6.53,6.99
36211.0,6.5,6.99
36220.0,6.5,6.99
36230.0,6.51,6.99
36240.0,6.54,6.99
36249.0,6.54,6.99
36259.0,6.61,6.99
36269.0,6.64,6.99
36278.0,6.67,6.99
36288.0,6.71,6.99
36297.0,6.67,6.99
36307.0,6.68,6.99
36317.0,6.69,6.99
36326.0,6.62,6.99
36336.0,6.54,6.99
36345.0,6.59,6.99
36356.0,6.63,6.99
36365.0,6.71,6.99
36374.0,6.71,6.99
36384.0,6.77,6.99
36393.0,6.73,6.99
36403.0,6.67,6.99
36413.0,6.61,6.99
36422.0,6.57,6.99
36432.0,6.64,6.99
36442.0,6.71,0.0
36452.0,6.78,0.0
36461.0,6.8,0.0
36470.0,6.74,0.0
36481.0,6.26,0.0
36490.0,5.36,0.0
36500.0,4.09,0.0
36509.0,2.64,0.0
36518.0,1.42,0.0
36529.0,0.74,0.0
36538.0,0.54,0.0
36547.0,0.51,0.0
36557.0,0.57,0.0
36567.0,0.66,0.0
36577.0,0.64,0.0
36586.0,0.56,0.0
36595.0,0.5,0.0
36605.0,0.51,0.0
36615.0,0.5,0.0
36625.0,0.48,0.0
36634.0,0.44,0.0
36643.0,0.45,0.0
36654.0,0.48,0.0
36663.0,0.48,0.0
36673.0,0.43,0.0
36682.0,0.4,0.0
36691.0,0.42,0.0
36702.0,0.44,0.0
36711.0,0.45,0.0
36721.0,0.39,0.0
36730.0,0.34,0.0
36740.0,0.31,0.0
36750.0,0.29,0.0
36759.0,0.31,0.0
36769.0,0.31,0.0
36779.0,0.32,0.0
36788.0,0.29,0.0
36798.0,0.3,0.0
36807.0,0.33,0.0
36817.0,0.31,0.0
36827.0,0.24,0.0
36836.0,0.24,0.0
36846.0,0.29,0.0
36855.0,0.27,0.0
36866.0,0.19,0.0
36875.0,0.19,0.0
36884.0,0.22,0.0
36894.0,0.25,0.0
36903.0,0.31,0.0
36914.0,0.26,0.0
36923.0,0.23,0.0
36932.0,0.25,0.0
36942.0,0.31,0.0
36952.0,0.25,-2.29
36961.0,0.22,-2.29
36971.0,0.29,-2.29
36980.0,0.29,-2.29
36990.0,0.18,-2.29
37000.0,-0.27,-2.29
37009.0,-1.0,-2.29
37019.0,-1.67,-2.29
37028.0,-2.13,-2.29
37039.0,-2.15,-2.29
37048.0,-1.92,-2.29
37057.0,-1.56,-2.29
37067.0,-1.37,-2.29
37076.0,-1.48,-2.29
37087.0,-1.59,-2.29
37096.0,-1.72,-2.29
37105.0,-1.71,-2.29
37115.0,-1.67,-2.29
37125.0,-1.53,-2.29
37135.0,-1.5,-2.29
37144.0,-1.61,-2.29
37153.0,-1.73,-2.29
37164.0,-1.78,-2.29
37173.0,-1.68,-2.29
37183.0,-1.61,-2.29
37192.0,-1.57,-2.29
37201.0,-1.67,-2.29
37212.0,-1.73,-2.29
37221.0,-1.66,-2.29
37231.0,-1.59,-2.29
37240.0,-1.64,-2.29
37250.0,-1.74,-2.29
37260.0,-1.81,-2.29
37269.0,-1.76,-2.29
37279.0,-1.69,-2.29
37288.0,-1.64,-2.29
37298.0,-1.71,-2.29
37308.0,-1.79,-2.29
37317.0,-1.72,-2.29
37326.0,-1.66,-2.29
37337.0,-1.64,-2.29
37346.0,-1.73,-2.29
37356.0,-1.8,-2.29
37365.0,-1.88,-2.29
37374.0,-1.81,-2.29
37385.0,-1.86,-2.29
37394.0,-1.94,-2.29
37404.0,-1.88,-2.29
37413.0,-1.8,-2.29
37423.0,-1.75,-2.29
37433.0,-1.84,-2.29
37442.0,-1.92,-2.29
37452.0,-2.0,-2.29
37462.0,-1.93,0.0
37471.0,-1.85,0.0
37481.0,-1.87,0.0
37490.0,-1.77,0.0
37500.0,-1.44,0.0
37510.0,-0.96,0.0
37519.0,-0.32,0.0
37529.0,0.24,0.0
37538.0,0.41,0.0
37549.0,0.2,0.0
37558.0,-0.11,0.0
37567.0,-0.23,0.0
37577.0,-0.03,0.0
37586.0,0.25,0.0
37597.0,0.48,0.0
37606.0,0.42,0.0
37615.0,0.24,0.0
37625.0,0.05,0.0
37635.0,0.07,0.0
37645.0,0.14,0.0
37654.0,0.32,0.0
37663.0,0.36,0.0
37673.0,0.29,0.0
37683.0,0.18,0.0
37693.0,0.14,0.0
37702.0,0.26,0.0
37711.0,0.32,0.0
37722.0,0.23,0.0
37731.0,0.15,0.0
37741.0,0.1,0.0
37750.0,0.18,0.0
37760.0,0.22,0.0
37770.0,0.13,0.0
37779.0,0.06,0.0
37789.0,0.09,0.0
37798.0,0.17,0.0
37808.0,0.11,0.0
37818.0,0.09,0.0
37827.0,0.02,0.0
37836.0,-0.02,0.0
37847.0,0.04,0.0
37856.0,0.07,0.0
37866.0,-0.01,0.0
37875.0,-0.08,0.0
37884.0,-0.01,0.0
37895.0,0.06,0.0
37904.0,-0.01,0.0
37914.0,-0.09,0.0
37923.0,-0.03,0.0
37933.0,0.04,0.0
37943.0,-0.04,0.0
37952.0,-0.1,0.0
37962.0,-0.02,0.0
37971.0,-0.01,-4.58
37981.0,-0.02,-4.58
37991.0,-0.1,-4.58
38000.0,-0.05,-4.58
38010.0,-0.18,-4.58
38020.0,-0.8,-4.58
38029.0,-1.97,-4.58
38039.0,-3.28,-4.58
38048.0,-4.41,-4.58
38059.0,-5.16,-4.58
38068.0,-5.02,-4.58
38077.0,-4.53,-4.58
38087.0,-4.13,-4.58
38096.0,-4.1,-4.58
38107.0,-4.45,-4.58
38116.0,-4.94,-4.58
38125.0,-5.06,-4.58
38135.0,-4.87,-4.58
38145.0,-4.66,-4.58
38155.0,-4.53,-4.58
38164.0,-4.65,-4.58
38173.0,-4.85,-4.58
38183.0,-5.12,-4.58
38193.0,-5.18,-4.58
38203.0,-5.1,-4.58
38212.0,-4.92,-4.58
38221.0,-4.88,-4.58
38232.0,-4.91,-4.58
38241.0,-5.05,-4.58
38250.0,-5.09,-4.58
38260.0,-4.98,-4.58
38269.0,-4.93,-4.58
38280.0,-4.91,-4.58
38289.0,-5.0,-4.58
38298.0,-5.06,-4.58
38308.0,-4.96,-4.58
38318.0,-4.88,-4.58
38328.0,-4.85,-4.58
38337.0,-4.93,-4.58
38346.0,-5.0,-4.58
38356.0,-4.91,-4.58
38366.0,-4.84,-4.58
38376.0,-4.79,-4.58
38385.0,-4.87,-4.58
38394.0,-4.94,-4.58
38405.0,-4.86,-4.58
38414.0,-4.79,-4.58
38424.0,-4.73,-4.58
38433.0,-4.65,-4.58
38443.0,-4.59,-4.58
38453.0,-4.52,-4.58
38462.0,-4.45,-4.58
38472.0,-4.54,-4.58
38481.0,-4.62,0.0
38491.0,-4.55,0.0
38501.0,-4.51,0.0
38510.0,-4.42,0.0
38519.0,-3.79,0.0
38530.0,-2.63,0.0
38539.0,-1.37,0.0
38549.0,-0.26,0.0
38558.0,0.12,0.0
38567.0,-0.15,0.0
38578.0,-0.66,0.0
38587.0,-1.2,0.0
38597.0,-1.29,0.0
38606.0,-0.97,0.0
38616.0,-0.62,0.0
38626.0,-0.38,0.0
38635.0,-0.49,0.0
38645.0,-0.72,0.0
38654.0,-0.87,0.0
38664.0,-0.84,0.0
38674.0,-0.74,0.0
38683.0,-0.65,0.0
38693.0,-0.65,0.0
38703.0,-0.71,0.0
38712.0,-0.72,0.0
38722.0,-0.72,0.0
38731.0,-0.64,0.0
38742.0,-0.61,0.0
38751.0,-0.71,0.0
38760.0,-0.74,0.0
38770.0,-0.68,0.0
38779.0,-0.6,0.0
38790.0,-0.57,0.0
38799.0,-0.66,0.0
38808.0,-0.67,0.0
38818.0,-0.59,0.0
38828.0,-0.52,0.0
38838.0,-0.5,0.0
38847.0,-0.58,0.0
38856.0,-0.51,0.0
38866.0,-0.43,0.0
38876.0,-0.36,0.0
38886.0,-0.3,0.0
38895.0,-0.31,0.0
38904.0,-0.24,0.0
38915.0,-0.17,0.0
38924.0,-0.1,0.0
38933.0,-0.17,0.0
38943.0,-0.24,0.0
38952.0,-0.17,0.0
38963.0,-0.1,0.0
38972.0,-0.12,0.0
38981.0,-0.13,0.0
38991.0,-0.05,-6.3
39001.0,-0.01,-6.3
39011.0,-0.01,-6.3
39020.0,-0.06,-6.3
39029.0,-0.08,-6.3
39040.0,-0.07,-6.3
39049.0,-0.14,-6.3
39059.0,-0.71,-6.3
39068.0,-1.95,-6.3
39077.0,-3.48,-6.3
39088.0,-4.98,-6.3
39097.0,-5.99,-6.3
39107.0,-6.53,-6.3
39116.0,-6.85,-6.3
39126.0,-6.79,-6.3
39136.0,-6.51,-6.3
39145.0,-6.39,-6.3
39155.0,-6.46,-6.3
39164.0,-6.6,-6.3
39174.0,-6.69,-6.3
39184.0,-6.68,-6.3
39193.0,-6.62,-6.3
39203.0,-6.55,-6.3
39213.0,-6.55,-6.3
39222.0,-6.64,-6.3
39232.0,-6.69,-6.3
39241.0,-6.72,-6.3
39251.0,-6.61,-6.3
39261.0,-6.56,-6.3
39270.0,-6.64,-6.3
39280.0,-6.72,-6.3
39289.0,-6.66,-6.3
39299.0,-6.58,-6.3
39309.0,-6.54,-6.3
39318.0,-6.63,-6.3
39328.0,-6.71,-6.3
39337.0,-6.68,-6.3
39347.0,-6.62,-6.3
39357.0,-6.62,-6.3
39366.0,-6.69,-6.3
39376.0,-6.64,-6.3
39386.0,-6.56,-6.3
39395.0,-6.49,-6.3
39405.0,-6.56,-6.3
39414.0,-6.64,-6.3
39425.0,-6.7,-6.3
39434.0,-6.7,-6.3
39443.0,-6.67,-6.3
39453.0,-6.72,-6.3
39462.0,-6.74,-6.3
39473.0,-6.67,-6.3
39482.0,-6.6,-6.3
39491.0,-6.54,0.0
39501.0,-6.49,0.0
39511.0,-6.54,0.0
39521.0,-6.62,0.0
39530.0,-6.58,0.0
39539.0,-6.06,0.0
39549.0,-4.98,0.0
39559.0,-3.53,0.0
39569.0,-1.99,0.0
39578.0,-0.87,0.0
39587.0,-0.37,0.0
39598.0,-0.3,0.0
39607.0,-0.39,0.0
39617.0,-0.35,0.0
39626.0,-0.21,0.0
39635.0,-0.16,0.0
39646.0,-0.2,0.0
39655.0,-0.3,0.0
39664.0,-0.39,0.0
39674.0,-0.43,0.0
39684.0,-0.38,0.0
39694.0,-0.33,0.0
39703.0,-0.32,0.0
39712.0,-0.37,0.0
39723.0,-0.4,0.0
39732.0,-0.42,0.0
39742.0,-0.37,0.0
39751.0,-0.36,0.0
39760.0,-0.34,0.0
39771.0,-0.38,0.0
39780.0,-0.41,0.0
39790.0,-0.34,0.0
39799.0,-0.27,0.0
39809.0,-0.26,0.0
39819.0,-0.33,0.0
39828.0,-0.38,0.0
39838.0,-0.34,0.0
39847.0,-0.29,0.0
39857.0,-0.28,0.0
39867.0,-0.27,0.0
39876.0,-0.28,0.0
39886.0,-0.21,0.0
39896.0,-0.15,0.0
39905.0,-0.1,0.0
39915.0,-0.04,0.0
39924.0,-0.09,0.0
39934.0,-0.11,0.0
39944.0,-0.12,0.0
39953.0,-0.11,0.0
39963.0,-0.16,0.0
39972.0,-0.24,0.0
39983.0,-0.19,0.0
39992.0,-0.13,-6.99
40001.0,-0.06,-6.99
40011.0,0.01,-6.99
40020.0,0.04,-6.99
40030.0,-0.21,-6.99
40040.0,-0.94,-6.99
40049.0,-2.01,-6.99
40059.0,-3.39,-6.99
40069.0,-4.94,-6.99
40078.0,-6.18,-6.99
40088.0,-6.94,-6.99
40097.0,-7.32,-6.99
40108.0,-7.48,-6.99
40117.0,-7.56,-6.99
40126.0,-7.64,-6.99
40136.0,-7.74,-6.99
40145.0,-7.71,-6.99
40156.0,-7.58,-6.99
40165.0,-7.52,-6.99
40174.0,-7.53,-6.99
40184.0,-7.65,-6.99
40194.0,-7.72,-6.99
40204.0,-7.69,-6.99
40213.0,-7.66,-6.99
40222.0,-7.6,-6.99
40232.0,-7.61,-6.99
40242.0,-7.69,-6.99
40252.0,-7.7,-6.99
40261.0,-7.68,-6.99
40270.0,-7.63,-6.99
40281.0,-7.6,-6.99
40290.0,-7.68,-6.99
40300.0,-7.68,-6.99
40309.0,-7.62,-6.99
40318.0,-7.57,-6.99
40329.0,-7.58,-6.99
40338.0,-7.65,-6.99
40348.0,-7.62,-6.99
40357.0,-7.55,-6.99
40367.0,-7.49,-6.99
40377.0,-7.53,-6.99
40386.0,-7.52,-6.99
40396.0,-7.44,-6.99
40406.0,-7.39,-6.99
40415.0,-7.46,-6.99
40425.0,-7.52,-6.99
40434.0,-7.44,-6.99
40444.0,-7.4,-6.99
40454.0,-7.4,-6.99
40463.0,-7.48,-6.99
40473.0,-7.51,-6.99
40482.0,-7.43,-6.99
40492.0,-7.38,-6.99
40502.0,-7.32,0.0
40511.0,-7.39,0.0
40521.0,-7.36,0.0
40530.0,-7.03,0.0
40540.0,-6.09,0.0
40550.0,-4.75,0.0
40559.0,-3.38,0.0
40569.0,-2.07,0.0
40579.0,-1.18,0.0
40588.0,-0.49,0.0
40598.0,-0.12,0.0
40607.0,0.11,0.0
40617.0,0.24,0.0
40627.0,0.28,0.0
40636.0,0.16,0.0
40646.0,0.07,0.0
40655.0,0.04,0.0
40666.0,0.11,0.0
40675.0,0.16,0.0
40684.0,0.16,0.0
40694.0,0.09,0.0
40704.0,0.04,0.0
40714.0,0.02,0.0
40723.0,0.11,0.0
40732.0,0.19,0.0
40742.0,0.18,0.0
40752.0,0.17,0.0
40762.0,0.12,0.0
40771.0,0.09,0.0
40780.0,0.08,0.0
40791.0,0.07,0.0
40800.0,0.06,0.0
40810.0,0.13,0.0
40819.0,0.11,0.0
40828.0,0.07,0.0
40839.0,0.03,0.0
40848.0,0.05,0.0
40857.0,0.04,0.0
40867.0,-0.03,0.0
40877.0,-0.11,0.0
40887.0,-0.04,0.0
40896.0,0.02,0.0
40905.0,-0.04,0.0
40915.0,-0.1,0.0
40925.0,-0.04,0.0
40935.0,0.02,0.0
40944.0,-0.07,0.0
40953.0,-0.15,0.0
40964.0,-0.17,0.0
40973.0,-0.1,0.0
40983.0,-0.04,0.0
40992.0,-0.11,0.0
41001.0,-0.04,0.0
41012.0,-0.02,-2.29
41021.0,0.05,-2.29
41031.0,0.07,-2.29
41040.0,0.01,-2.29
41050.0,-0.09,-2.29
41060.0,-0.4,-2.29
41069.0,-0.95,-2.29
41079.0,-1.62,-2.29
41089.0,-2.1,-2.29
41098.0,-2.23,-2.29
41108.0,-2.09,-2.29
41117.0,-1.9,-2.29
41127.0,-1.67,-2.29
41137.0,-1.62,-2.29
41146.0,-1.75,-2.29
41156.0,-1.9,-2.29
41165.0,-1.96,-2.29
41176.0,-1.92,-2.29
41185.0,-1.84,-2.29
41194.0,-1.79,-2.29
41204.0,-1.84,-2.29
41213.0,-1.88,-2.29
41223.0,-1.92,-2.29
41233.0,-1.9,-2.29
41242.0,-1.9,-2.29
41252.0,-1.98,-2.29
41262.0,-2.04,-2.29
41271.0,-2.06,-2.29
41281.0,-2.01,-2.29
41290.0,-1.98,-2.29
41300.0,-2.0,-2.29
41310.0,-2.07,-2.29
41319.0,-2.07,-2.29
41329.0,-2.0,-2.29
41338.0,-1.96,-2.29
41349.0,-2.04,-2.29
41358.0,-2.11,-2.29
41367.0,-2.07,-2.29
41377.0,-2.01,-2.29
41387.0,-1.98,-2.29
41397.0,-2.02,-2.29
41406.0,-2.05,-2.29
41415.0,-1.97,-2.29
41425.0,-1.98,-2.29
41435.0,-2.06,-2.29
41445.0,-2.12,-2.29
41454.0,-2.13,-2.29
41463.0,-2.1,-2.29
41474.0,-2.08,-2.29
41483.0,-2.07,-2.29
41493.0,-2.0,-2.29
41502.0,-2.0,-2.29
41511.0,-2.06,-2.29
41522.0,-2.11,0.0
41531.0,-2.19,0.0
41541.0,-2.2,0.0
41550.0,-2.13,0.0
41560.0,-1.83,0.0
41570.0,-1.27,0.0
41579.0,-0.7,0.0
41588.0,-0.31,0.0
41598.0,-0.25,0.0
41608.0,-0.4,0.0
41618.0,-0.58,0.0
41627.0,-0.59,0.0
41636.0,-0.53,0.0
41647.0,-0.38,0.0
41656.0,-0.32,0.0
41666.0,-0.32,0.0
41675.0,-0.41,0.0
41684.0,-0.42,0.0
41695.0,-0.31,0.0
41704.0,-0.27,0.0
41714.0,-0.31,0.0
41723.0,-0.39,0.0
41733.0,-0.38,0.0
41743.0,-0.3,0.0
41752.0,-0.26,0.0
41762.0,-0.35,0.0
41772.0,-0.42,0.0
41781.0,-0.33,0.0
41791.0,-0.25,0.0
41800.0,-0.2,0.0
41810.0,-0.15,0.0
41820.0,-0.22,0.0
41829.0,-0.28,0.0
41839.0,-0.21,0.0
41848.0,-0.15,0.0
41859.0,-0.23,0.0
41868.0,-0.3,0.0
41877.0,-0.24,0.0
41887.0,-0.17,0.0
41896.0,-0.22,0.0
41907.0,-0.27,0.0
41916.0,-0.19,0.0
41925.0,-0.13,0.0
41935.0,-0.18,0.0
41945.0,-0.23,0.0
41955.0,-0.21,0.0
41964.0,-0.19,0.0
41973.0,-0.23,0.0
41984.0,-0.26,0.0
41993.0,-0.19,0.0
42003.0,-0.12,0.0
42012.0,-0.09,0.0
42021.0,-0.06,-4.58
42032.0,-0.12,-4.58
42041.0,-0.11,-4.58
42050.0,-0.18,-4.58
42060.0,-0.71,-4.58
42070.0,-1.84,-4.58
42080.0,-3.11,-4.58
42089.0,-4.24,-4.58
42098.0,-4.59,-4.58
42108.0,-4.31,-4.58
42118.0,-3.98,-4.58
42128.0,-3.72,-4.58
42137.0,-3.87,-4.58
42146.0,-4.19,-4.58
42157.0,-4.47,-4.58
42166.0,-4.44,-4.58
42176.0,-4.28,-4.58
42185.0,-4.0,-4.58
42194.0,-3.87,-4.58
42205.0,-3.94,-4.58
42214.0,-4.16,-4.58
42224.0,-4.29,-4.58
42233.0,-4.28,-4.58
42243.0,-4.13,-4.58
42253.0,-4.06,-4.58
42262.0,-4.08,-4.58
42272.0,-4.2,-4.58
42281.0,-4.26,-4.58
42291.0,-4.21,-4.58
42301.0,-4.13,-4.58
42310.0,-4.13,-4.58
42320.0,-4.24,-4.58
42330.0,-4.32,-4.58
42339.0,-4.38,-4.58
42349.0,-4.35,-4.58
42358.0,-4.3,-4.58
42369.0,-4.3,-4.58
42378.0,-4.38,-4.58
42387.0,-4.44,-4.58
42397.0,-4.37,-4.58
42406.0,-4.32,-4.58
42417.0,-4.39,-4.58
42426.0,-4.47,-4.58
42435.0,-4.54,-4.58
42445.0,-4.48,-4.58
42455.0,-4.42,-4.58
42465.0,-4.47,-4.58
42474.0,-4.54,-4.58
42483.0,-4.48,-4.58
42493.0,-4.41,-4.58
42503.0,-4.35,-4.58
42512.0,-4.43,-4.58
42522.0,-4.51,0.0
42531.0,-4.43,0.0
42542.0,-4.46,0.0
42551.0,-4.27,0.0
42560.0,-3.49,0.0
42570.0,-2.28,0.0
42579.0,-0.94,0.0
42590.0,0.25,0.0
42599.0,0.77,0.0
42608.0,0.62,0.0
42618.0,0.27,0.0
42628.0,-0.03,0.0
42638.0,0.1,0.0
42647.0,0.42,0.0
42656.0,0.73,0.0
42667.0,0.75,0.0
42676.0,0.58,0.0
42686.0,0.32,0.0
42695.0,0.3,0.0
42704.0,0.38,0.0
42715.0,0.6,0.0
42724.0,0.67,0.0
42734.0,0.62,0.0
42743.0,0.47,0.0
42753.0,0.43,0.0
42763.0,0.48,0.0
42772.0,0.56,0.0
42782.0,0.55,0.0
42791.0,0.44,0.0
42801.0,0.39,0.0
42811.0,0.44,0.0
42820.0,0.51,0.0
42830.0,0.4,0.0
42840.0,0.31,0.0
42849.0,0.26,0.0
42859.0,0.35,0.0
42868.0,0.38,0.0
42878.0,0.39,0.0
42888.0,0.31,0.0
42897.0,0.25,0.0
42907.0,0.26,0.0
42916.0,0.32,0.0
42926.0,0.26,0.0
42936.0,0.18,0.0
42945.0,0.11,0.0
42955.0,0.17,0.0
42964.0,0.12,0.0
42974.0,0.04,0.0
42984.0,-0.04,0.0
42993.0,0.01,0.0
43003.0,0.02,0.0
43013.0,0.03,0.0
43022.0,0.05,0.0
43032.0,0.07,-6.3
43041.0,0.02,-6.3
43052.0,-0.07,-6.3
43061.0,-0.04,-6.3
43070.0,-0.23,-6.3
43080.0,-1.01,-6.3
43089.0,-2.29,-6.3
43100.0,-3.84,-6.3
43109.0,-5.18,-6.3
43118.0,-6.26,-6.3
43128.0,-6.8,-6.3
43138.0,-6.91,-6.3
43148.0,-6.83,-6.3
43157.0,-6.77,-6.3
43166.0,-6.85,-6.3
43176.0,-7.0,-6.3
43186.0,-7.12,-6.3
43196.0,-7.13,-6.3
43205.0,-7.12,-6.3
43214.0,-7.06,-6.3
43225.0,-7.06,-6.3
43234.0,-7.05,-6.3
43244.0,-7.09,-6.3
43253.0,-7.11,-6.3
43262.0,-7.01,-6.3
43273.0,-6.95,-6.3
43282.0,-6.94,-6.3
43292.0,-7.0,-6.3
43301.0,-6.98,-6.3
43311.0,-6.89,-6.3
43321.0,-6.84,-6.3
43330.0,-6.82,-6.3
43340.0,-6.88,-6.3
43350.0,-6.87,-6.3
43359.0,-6.8,-6.3
43369.0,-6.78,-6.3
43378.0,-6.73,-6.3
43387.0,-6.69,-6.3
43398.0,-6.63,-6.3
43407.0,-6.55,-6.3
43417.0,-6.5,-6.3
43426.0,-6.46,-6.3
43436.0,-6.5,-6.3
43446.0,-6.57,-6.3
43455.0,-6.59,-6.3
43465.0,-6.57,-6.3
43474.0,-6.51,-6.3
43484.0,-6.48,-6.3
43494.0,-6.41,-6.3
43503.0,-6.43,-6.3
43513.0,-6.36,-6.3
43523.0,-6.31,-6.3
43532.0,-6.38,0.0
43542.0,-6.46,0.0
43551.0,-6.47,0.0
43561.0,-6.5,0.0
43571.0,-6.36,0.0
43580.0,-5.6,0.0
43590.0,-4.21,0.0
43599.0,-2.67,0.0
43610.0,-1.29,0.0
43619.0,-0.52,0.0
43628.0,-0.31,0.0
43638.0,-0.41,0.0
43648.0,-0.56,0.0
43658.0,-0.63,0.0
43667.0,-0.47,0.0
43676.0,-0.36,0.0
43686.0,-0.32,0.0
43696.0,-0.36,0.0
43706.0,-0.44,0.0
43715.0,-0.46,0.0
43724.0,-0.43,0.0
43735.0,-0.33,0.0
43744.0,-0.32,0.0
43754.0,-0.33,0.0
43763.0,-0.4,0.0
43772.0,-0.41,0.0
43783.0,-0.4,0.0
43792.0,-0.37,0.0
43801.0,-0.36,0.0
43811.0,-0.36,0.0
43821.0,-0.29,0.0
43831.0,-0.28,0.0
43840.0,-0.29,0.0
43849.0,-0.37,0.0
43859.0,-0.32,0.0
43869.0,-0.26,0.0
43879.0,-0.25,0.0
43888.0,-0.31,0.0
43897.0,-0.36,0.0
43908.0,-0.29,0.0
43917.0,-0.22,0.0
43927.0,-0.24,0.0
43936.0,-0.32,0.0
43945.0,-0.4,0.0
43956.0,-0.32,0.0
43965.0,-0.25,0.0
43975.0,-0.19,0.0
43984.0,-0.25,0.0
43994.0,-0.21,0.0
44004.0,-0.14,0.0
44013.0,-0.08,0.0
44023.0,-0.16,0.0
44033.0,-0.22,0.0
44042.0,-0.15,-6.99
44052.0,-0.09,-6.99
44061.0,-0.1,-6.99
44071.0,-0.23,-6.99
44081.0,-0.91,-6.99
44090.0,-2.13,-6.99
44100.0,-3.59,-6.99
44109.0,-5.01,-6.99
44120.0,-6.0,-6.99
44129.0,-6.65,-6.99
44138.0,-6.97,-6.99
44148.0,-7.09,-6.99
44157.0,-7.08,-6.99
44168.0,-7.11,-6.99
44177.0,-7.15,-6.99
44186.0,-7.24,-6.99
44196.0,-7.26,-6.99
44206.0,-7.24,-6.99
44216.0,-7.22,-6.99
44225.0,-7.22,-6.99
44234.0,-7.24,-6.99
44244.0,-7.29,-6.99
44254.0,-7.31,-6.99
44264.0,-7.29,-6.99
44273.0,-7.29,-6.99
44282.0,-7.29,-6.99
44293.0,-7.3,-6.99
44302.0,-7.32,-6.99
44311.0,-7.33,-6.99
44321.0,-7.3,-6.99
44331.0,-7.28,-6.99
44341.0,-7.26,-6.99
44350.0,-7.32,-6.99
44359.0,-7.37,-6.99
44369.0,-7.37,-6.99
44379.0,-7.35,-6.99
44389.0,-7.31,-6.99
44398.0,-7.29,-6.99
44407.0,-7.3,-6.99
44418.0,-7.26,-6.99
44427.0,-7.23,-6.99
44437.0,-7.23,-6.99
44446.0,-7.31,-6.99
44455.0,-7.39,-6.99
44466.0,-7.31,-6.99
44475.0,-7.25,-6.99
44485.0,-7.18,-6.99
44494.0,-7.24,-6.99
44504.0,-7.32,-6.99
44514.0,-7.25,-6.99
44523.0,-7.18,-6.99
44533.0,-7.16,-6.99
44542.0,-7.25,-6.99
44552.0,-7.27,0.0
44562.0,-7.27,0.0
44571.0,-7.32,0.0
44581.0,-7.29,0.0
44591.0,-7.23,0.0
44600.0,-6.64,0.0
44610.0,-5.37,0.0
44619.0,-3.86,0.0
44630.0,-2.38,0.0
44639.0,-1.36,0.0
44648.0,-0.82,0.0
44658.0,-0.57,0.0
44667.0,-0.42,0.0
44677.0,-0.21,0.0
44687.0,-0.1,0.0
44696.0,-0.1,0.0
44706.0,-0.24,0.0
44716.0,-0.37,0.0
44725.0,-0.38,0.0
44735.0,-0.3,0.0
44744.0,-0.2,0.0
44754.0,-0.19,0.0
44764.0,-0.2,0.0
44773.0,-0.24,0.0
44783.0,-0.25,0.0
44792.0,-0.24,0.0
44803.0,-0.23,0.0
44812.0,-0.24,0.0
44821.0,-0.24,0.0
44831.0,-0.2,0.0
44840.0,-0.19,0.0
44851.0,-0.23,0.0
44860.0,-0.3,0.0
44869.0,-0.25,0.0
44879.0,-0.18,0.0
44889.0,-0.14,0.0
44899.0,-0.21,0.0
44908.0,-0.27,0.0
44917.0,-0.21,0.0
44928.0,-0.15,0.0
44937.0,-0.24,0.0
44947.0,-0.32,0.0
44956.0,-0.24,0.0
44965.0,-0.17,0.0
44976.0,-0.13,0.0
44985.0,-0.2,0.0
44995.0,-0.12,0.0
45004.0,-0.05,0.0
45014.0,0.02,0.0
45024.0,-0.02,0.0
45033.0,-0.1,0.0
45043.0,-0.13,0.0
45052.0,-0.07,0.0
45062.0,-0.02,0.0
45072.0,-0.07,0.0
45081.0,-0.14,0.0
45091.0,-0.07,0.0
45101.0,-0.02,0.0
45110.0,-0.03,0.0
45120.0,-0.1,0.0
45129.0,-0.18,0.0
45139.0,-0.11,0.0
45149.0,-0.05,0.0
45158.0,0.01,0.0
45168.0,0.08,0.0
45177.0,0.04,0.0
45188.0,-0.03,0.0
45197.0,0.01,0.0
45206.0,-0.02,0.0
45216.0,-0.1,0.0
45225.0,-0.13,0.0
45236.0,-0.06,0.0
45245.0,-0.02,0.0
45254.0,-0.07,0.0
45264.0,-0.02,0.0
45274.0,0.05,0.0
45284.0,0.05,0.0
45293.0,-0.02,0.0
45302.0,0.05,0.0
45313.0,-0.02,0.0
45322.0,-0.08,0.0
45332.0,-0.11,0.0
45341.0,-0.17,0.0
45350.0,-0.11,0.0
45361.0,-0.13,0.0
45370.0,-0.07,0.0
45380.0,0.01,0.0
45389.0,0.05,0.0
45399.0,0.12,0.0
45409.0,0.04,0.0
45418.0,-0.04,0.0
45428.0,-0.13,0.0
45437.0,-0.1,0.0
45447.0,-0.06,0.0
45457.0,-0.14,0.0
45466.0,-0.07,0.0
45476.0,-0.0,0.0
45486.0,0.05,0.0
45495.0,0.06,0.0
45505.0,0.06,0.0
45514.0,-0.02,0.0
45524.0,-0.06,0.0
45534.0,-0.11,0.0
45543.0,-0.07,0.0
45553.0,-0.01,0.0
45562.0,-0.03,0.0
45572.0,-0.05,0.0
45582.0,0.02,0.0
45591.0,-0.06,0.0
45601.0,-0.0,0.0
45611.0,-0.08,0.0
45620.0,-0.14,0.0
45630.0,-0.07,0.0
45639.0,-0.13,0.0
45649.0,-0.14,0.0
45659.0,-0.1,0.0
45668.0,-0.03,0.0
45678.0,-0.03,0.0
45687.0,0.03,0.0
45698.0,0.1,0.0
45707.0,0.02,0.0
45716.0,-0.06,0.0
45726.0,-0.03,0.0
45735.0,-0.09,0.0
45746.0,-0.02,0.0
45755.0,-0.09,0.0
45764.0,-0.03,0.0
45774.0,-0.04,0.0
45784.0,-0.04,0.0
45794.0,0.0,0.0
45803.0,0.07,0.0
45812.0,0.01,0.0
45822.0,-0.07,0.0
45832.0,-0.05,0.0
45842.0,-0.12,0.0
45851.0,-0.14,0.0
45860.0,-0.08,0.0
45871.0,-0.02,0.0
45880.0,-0.01,0.0
45890.0,0.06,0.0
45899.0,-0.03,0.0
45908.0,0.04,0.0
45919.0,-0.03,0.0
45928.0,-0.11,0.0
45938.0,-0.08,0.0
45947.0,-0.16,0.0
45957.0,-0.1,0.0
45967.0,-0.03,0.0
45976.0,0.04,0.0
45986.0,0.09,0.0
45996.0,0.0,0.0
46005.0,0.04,0.0
46015.0,-0.02,0.0
46024.0,0.02,0.0
46034.0,-0.04,0.0
46044.0,-0.04,0.0
46053.0,0.03,0.0
46063.0,0.02,0.0
46072.0,0.08,0.0
46083.0,0.06,0.0
46092.0,0.0,0.0
46101.0,0.01,0.0
46111.0,-0.04,0.0
46120.0,0.01,0.0
46130.0,-0.06,0.0
46140.0,-0.08,0.0
46149.0,-0.07,0.0
46159.0,-0.0,0.0
46169.0,-0.06,0.0
46179.0,-0.02,0.0
46188.0,0.05,0.0
46197.0,-0.02,0.0
46208.0,-0.07,0.0
46217.0,-0.13,0.0
46226.0,-0.07,0.0
46236.0,-0.14,0.0
46245.0,-0.07,0.0
46256.0,-0.1,0.0
46265.0,-0.06,0.0
46274.0,-0.05,0.0
46284.0,-0.13,0.0
46294.0,-0.07,0.0
46304.0,-0.0,0.0
46313.0,-0.02,0.0
46322.0,-0.07,0.0
46332.0,-0.03,0.0
46342.0,-0.02,0.0
46352.0,-0.03,0.0
46361.0,-0.03,0.0
46370.0,-0.11,0.0
46381.0,-0.06,0.0
46390.0,0.01,0.0
46400.0,0.07,0.0
46409.0,0.03,0.0
46418.0,0.07,0.0
46429.0,0.08,0.0
46438.0,0.03,0.0
46448.0,-0.04,0.0
46457.0,0.03,0.0
46467.0,0.03,0.0
46477.0,-0.05,0.0
46486.0,-0.02,0.0
46496.0,0.03,0.0
46505.0,-0.04,0.0
46515.0,-0.1,0.0
46525.0,-0.17,0.0
46534.0,-0.09,0.0
46544.0,-0.02,0.0
46554.0,-0.04,0.0
46563.0,-0.02,0.0
46573.0,0.02,0.0
46582.0,0.07,0.0
46593.0,0.07,0.0
46602.0,-0.01,0.0
46611.0,-0.1,0.0
46621.0,-0.18,0.0
46630.0,-0.11,0.0
46641.0,-0.04,0.0
46650.0,-0.07,0.0
46659.0,-0.05,0.0
46669.0,-0.11,0.0
46679.0,-0.07,0.0
46689.0,-0.0,0.0
46698.0,0.03,0.0
46707.0,0.0,0.0
46717.0,0.03,0.0
46727.0,-0.01,0.0
46736.0,-0.05,0.0
46746.0,-0.07,0.0
46755.0,-0.0,0.0
46766.0,-0.05,0.0
46775.0,-0.02,0.0
46785.0,-0.02,0.0
46794.0,-0.07,0.0
46803.0,-0.0,0.0
46814.0,0.04,0.0
46823.0,-0.03,0.0
46832.0,0.02,0.0
46842.0,-0.05,0.0
46852.0,-0.02,0.0
46862.0,0.04,0.0
46871.0,-0.03,0.0
46881.0,0.04,0.0
46891.0,0.02,0.0
46900.0,-0.05,0.0
46910.0,-0.14,0.0
46919.0,-0.07,0.0
46929.0,-0.02,0.0
46939.0,-0.08,0.0
46948.0,-0.04,0.0
46958.0,0.03,0.0
46967.0,0.02,0.0
46978.0,-0.03,0.0
46987.0,0.04,0.0
46996.0,-0.01,0.0
47006.0,-0.07,0.0
47015.0,-0.04,0.0
47025.0,0.03,0.0
47035.0,-0.05,0.0
47044.0,0.02,0.0
47054.0,-0.02,0.0
47064.0,0.05,0.0
47073.0,0.08,0.0
47083.0,0.03,0.0
47092.0,-0.03,0.0
47102.0,-0.1,0.0
47112.0,-0.16,0.0
47121.0,-0.21,0.0
47131.0,-0.14,0.0
47140.0,-0.07,0.0
47151.0,0.0,0.0
47160.0,0.01,0.0
47169.0,0.06,0.0
47179.0,0.03,0.0
47188.0,0.04,0.0
47199.0,0.08,0.0
47208.0,0.03,0.0
47217.0,-0.06,0.0
47227.0,-0.14,0.0
47237.0,-0.1,0.0
47247.0,-0.05,0.0
47256.0,-0.02,0.0
47265.0,0.05,0.0
47276.0,0.12,0.0
47285.0,0.04,0.0
47295.0,0.0,0.0
47304.0,-0.03,0.0
47313.0,-0.11,0.0
47324.0,-0.13,0.0
47333.0,-0.06,0.0
47343.0,-0.02,0.0
47352.0,-0.08,0.0
47362.0,-0.02,0.0
47372.0,0.03,0.0
47381.0,0.09,0.0
47391.0,0.01,0.0
47400.0,-0.07,0.0
47410.0,-0.07,0.0
47420.0,-0.15,0.0
47429.0,-0.08,0.0
47439.0,-0.17,0.0
47449.0,-0.09,0.0
47458.0,-0.06,0.0
47468.0,-0.01,0.0
